 Image certificate-login-runner:01 Building 
#1 [internal] load local bake definitions
#1 reading from stdin 703B done
#1 DONE 0.0s

#2 [internal] load build definition from Runner.Dockerfile
#2 transferring dockerfile: 37B
#2 transferring dockerfile: 747B done
#2 DONE 0.0s

#3 [internal] load metadata for docker.io/library/node:24.10.0-bookworm-slim@sha256:b8d2197aff9129d16c801a3e3e1b2a873c4946480f5a310f38056df2268c38d9
#3 DONE 0.0s

#4 [internal] load .dockerignore
#4 transferring context: 116B done
#4 DONE 0.0s

#5 [dependencies 1/5] FROM docker.io/library/node:24.10.0-bookworm-slim@sha256:b8d2197aff9129d16c801a3e3e1b2a873c4946480f5a310f38056df2268c38d9
#5 DONE 0.0s

#6 [internal] load build context
#6 transferring context: 76.42kB done
#6 DONE 0.0s

#7 [dependencies 2/5] WORKDIR /work
#7 CACHED

#8 [stage-1 3/7] COPY container/ container/
#8 DONE 0.0s

#9 [dependencies 3/5] COPY package.json package-lock.json ./
#9 DONE 0.0s

#10 [dependencies 4/5] COPY vendor/ vendor/
#10 DONE 0.0s

#11 [stage-1 4/7] RUN sh container/install-packages.sh
#11 0.172 /work/container/google.asc: OK
#11 0.172 /work/container/microsoft.asc: OK
#11 0.983 Get:1 http://deb.debian.org/debian bookworm InRelease [151 kB]
#11 1.029 Get:2 https://dl.google.com/linux/chrome/deb stable InRelease [2548 B]
#11 1.087 Get:3 http://deb.debian.org/debian bookworm-updates InRelease [55.4 kB]
#11 1.125 Get:4 http://deb.debian.org/debian-security bookworm-security InRelease [34.8 kB]
#11 1.169 Get:5 https://packages.microsoft.com/repos/edge stable InRelease [3590 B]
#11 1.554 Get:6 https://dl.google.com/linux/chrome/deb stable/main amd64 Packages [1410 B]
#11 1.948 Get:7 http://deb.debian.org/debian bookworm/main amd64 Packages [8790 kB]
#11 2.702 Get:8 http://deb.debian.org/debian bookworm-updates/main amd64 Packages [6924 B]
#11 2.972 Get:9 http://deb.debian.org/debian-security bookworm-security/main amd64 Packages [349 kB]
#11 3.200 Get:10 https://packages.microsoft.com/repos/edge stable/main amd64 Packages [58.2 kB]
#11 3.606 Fetched 9453 kB in 3s (3209 kB/s)
#11 3.606 Reading package lists...
#11 4.207 Reading package lists...
#11 4.711 Building dependency tree...
#11 4.855 Reading state information...
#11 5.045 Suggested packages:
#11 5.045   fbpager fbdesk fbautostart fonts-freefont-otf | fonts-freefont-ttf
#11 5.045   fonts-texgyre libasound2-plugins alsa-utils colord cups-common gdbm-l10n
#11 5.045   low-memory-monitor krb5-doc krb5-user gvfs liblcms2-utils pciutils
#11 5.045   librsvg2-bin lm-sensors menu-l10n gksu | kde-cli-tools | ktsuss npm
#11 5.045   python-nova perl-doc libterm-readline-gnu-perl | libterm-readline-perl-perl
#11 5.045   make libtap-harness-archive-perl poppler-utils ghostscript
#11 5.045   fonts-japanese-mincho | fonts-ipafont-mincho fonts-japanese-gothic
#11 5.045   | fonts-ipafont-gothic fonts-arphic-ukai fonts-arphic-uming fonts-nanum
#11 5.045   python3-doc python3-tk python3-venv python-cryptography-doc
#11 5.045   python3-cryptography-vectors python-debtcollector-doc docutils-doc
#11 5.045   fonts-linuxlibertine | ttf-linux-libertine texlive-lang-french
#11 5.045   texlive-latex-base texlive-latex-recommended ipython3 python-netaddr-docs
#11 5.045   python3-nova gcc gfortran python3-dev python3-pytest python-oslo.log-doc
#11 5.045   python-pil-doc python-pyinotify-doc python-pyparsing-doc python3-openssl
#11 5.045   python3-socks python-requests-doc python-setuptools-doc python3-brotli
#11 5.045   python3.11-venv python3.11-doc binutils binfmt-support readline-doc
#11 5.045   sgml-base-doc systemd-container systemd-homed systemd-userdbd systemd-boot
#11 5.045   systemd-resolved libfido2-1 libqrencode4 libtss2-esys-3.0.2-0 libtss2-mu0
#11 5.045   libtss2-rc0 polkitd | policykit-1 tcl-tclreadline mesa-utils debhelper
#11 5.045 Recommended packages:
#11 5.045   librsvg2-common xfonts-terminus feh | eterm | hsetroot | xloadimage
#11 5.045   alsa-ucm-conf alsa-topology-conf at-spi2-core libgdk-pixbuf2.0-bin
#11 5.045   libglib2.0-data xdg-user-dirs fonts-droid-fallback libgtk-3-bin krb5-locales
#11 5.045   libldap-common libgpm2 libpaper-utils publicsuffix libsasl2-modules
#11 5.045   mesa-vulkan-drivers | vulkan-icd bzip2 file xz-utils nodejs-doc netbase
#11 5.045   psmisc python3-pygments python3-olefile systemd-timesyncd | time-daemon
#11 5.045   libnss-systemd libfile-mimeinfo-perl libnet-dbus-perl libx11-protocol-perl
#11 5.045   x11-xserver-utils xfonts-base
#11 ...

#12 [dependencies 5/5] RUN npm ci --ignore-scripts --fetch-timeout=30000 --fetch-retries=1
#12 2.398 npm warn deprecated reflect-metadata@0.2.1: This version has a critical bug in fallback handling. Please upgrade to reflect-metadata@0.2.2 or newer.
#12 2.997 npm warn deprecated uuid@9.0.1: uuid@10 and below is no longer supported.  For ESM codebases, update to uuid@latest.  For CommonJS codebases, use uuid@11 (but be aware this version will likely be deprecated in 2028).
#12 3.985 npm warn deprecated glob@10.5.0: Old versions of glob are not supported, and contain widely publicized security vulnerabilities, which have been fixed in the current version. Please update. Support for old versions may be purchased (at exorbitant rates) by contacting i@izs.me
#12 4.481 npm warn deprecated uuid@10.0.0: uuid@10 and below is no longer supported.  For ESM codebases, update to uuid@latest.  For CommonJS codebases, use uuid@11 (but be aware this version will likely be deprecated in 2028).
#12 5.498 
#12 5.498 added 342 packages, and audited 343 packages in 5s
#12 5.498 
#12 5.498 58 packages are looking for funding
#12 5.498   run `npm fund` for details
#12 5.510 
#12 5.510 10 vulnerabilities (1 low, 7 moderate, 2 critical)
#12 5.510 
#12 5.510 To address all issues (including breaking changes), run:
#12 5.510   npm audit fix --force
#12 5.510 
#12 5.510 Run `npm audit` for details.
#12 5.514 npm notice
#12 5.514 npm notice New minor version of npm available! 11.6.1 -> 11.21.0
#12 5.514 npm notice Changelog: https://github.com/npm/cli/releases/tag/v11.21.0
#12 5.514 npm notice To update run: npm install -g npm@11.21.0
#12 5.514 npm notice
#12 DONE 5.9s

#11 [stage-1 4/7] RUN sh container/install-packages.sh
#11 6.283 The following NEW packages will be installed:
#11 6.283   adwaita-icon-theme at-spi2-common ca-certificates dbus dbus-bin dbus-daemon
#11 6.283   dbus-session-bus-common dbus-system-bus-common dbus-user-session
#11 6.283   dconf-gsettings-backend dconf-service dmsetup docutils-common fluxbox
#11 6.283   fontconfig fontconfig-config fonts-liberation fonts-urw-base35
#11 6.283   google-chrome-stable gtk-update-icon-cache hicolor-icon-theme ieee-data
#11 6.283   libaom3 libapparmor1 libargon2-1 libasound2 libasound2-data
#11 6.283   libatk-bridge2.0-0 libatk1.0-0 libatspi2.0-0 libavahi-client3
#11 6.283   libavahi-common-data libavahi-common3 libblas3 libbrotli1 libbsd0 libc-ares2
#11 6.283   libcairo-gobject2 libcairo2 libcolord2 libcryptsetup12 libcups2
#11 6.283   libcurl3-gnutls libdatrie1 libdav1d6 libdbus-1-3 libdconf1 libde265-0
#11 6.283   libdeflate0 libdevmapper1.02.1 libdrm-amdgpu1 libdrm-common libdrm-intel1
#11 6.283   libdrm-nouveau2 libdrm-radeon1 libdrm2 libedit2 libelf1 libepoxy0 libexpat1
#11 6.283   libfdisk1 libfontconfig1 libfontenc1 libfreetype6 libfribidi0 libgbm1
#11 6.283   libgdbm-compat4 libgdbm6 libgdk-pixbuf-2.0-0 libgdk-pixbuf2.0-common
#11 6.283   libgfortran5 libgif7 libgl1 libgl1-mesa-dri libglapi-mesa libglib2.0-0
#11 6.283   libglvnd0 libglx-mesa0 libglx0 libgomp1 libgraphite2-3 libgs-common libgs10
#11 6.283   libgs10-common libgssapi-krb5-2 libgtk-3-0 libgtk-3-common libharfbuzz0b
#11 6.283   libheif1 libhwy1 libice6 libicu72 libid3tag0 libidn12 libijs-0.35
#11 6.283   libimagequant0 libimlib2 libip4tc2 libjbig0 libjbig2dec0 libjpeg62-turbo
#11 6.283   libjson-c5 libjxl0.7 libk5crypto3 libkeyutils1 libkmod2 libkrb5-3
#11 6.283   libkrb5support0 liblapack3 liblcms2-2 libldap-2.5-0 liblerc4 libllvm15
#11 6.283   liblzo2-2 libncursesw6 libnghttp2-14 libnode108 libnsl2 libnspr4 libnss3
#11 6.284   libnss3-tools libnuma1 libopenjp2-7 libpam-systemd libpango-1.0-0
#11 6.284   libpangocairo-1.0-0 libpangoft2-1.0-0 libpaper1 libpciaccess0 libperl5.36
#11 6.284   libpixman-1-0 libpng16-16 libproc2-0 libpsl5 libpython3-stdlib
#11 6.284   libpython3.11-minimal libpython3.11-stdlib libquadmath0 libraqm0
#11 6.284   libreadline8 librsvg2-2 librtmp1 libsasl2-2 libsasl2-modules-db
#11 6.284   libsensors-config libsensors5 libsm6 libspectre1 libsqlite3-0 libssh2-1
#11 6.284   libssl3 libsystemd-shared libtcl8.6 libthai-data libthai0 libtiff6
#11 6.284   libtirpc-common libtirpc3 libtk8.6 libunwind8 libuv1 libvncclient1
#11 6.284   libvncserver1 libvulkan1 libwayland-client0 libwayland-cursor0
#11 6.284   libwayland-egl1 libwayland-server0 libwebp7 libwebpdemux2 libwebpmux3
#11 6.284   libx11-6 libx11-data libx11-xcb1 libx265-199 libxau6 libxaw7 libxcb-dri2-0
#11 6.284   libxcb-dri3-0 libxcb-glx0 libxcb-present0 libxcb-randr0 libxcb-render0
#11 6.284   libxcb-shape0 libxcb-shm0 libxcb-sync1 libxcb-xfixes0 libxcb1 libxcomposite1
#11 6.284   libxcursor1 libxdamage1 libxdmcp6 libxext6 libxfixes3 libxfont2 libxft2
#11 6.284   libxi6 libxinerama1 libxkbcommon0 libxkbfile1 libxml2 libxmu6 libxmuu1
#11 6.284   libxpm4 libxrandr2 libxrender1 libxshmfence1 libxss1 libxt6 libxtst6 libxv1
#11 6.284   libxxf86dga1 libxxf86vm1 libyaml-0-2 libz3-4 mailcap media-types menu
#11 6.284   microsoft-edge-stable mime-support net-tools node-acorn node-busboy
#11 6.284   node-cjs-module-lexer node-undici node-xtend nodejs novnc openssl perl
#11 6.284   perl-modules-5.36 poppler-data procps python3 python3-certifi
#11 6.284   python3-cffi-backend python3-chardet python3-charset-normalizer
#11 6.284   python3-cryptography python3-dateutil python3-debtcollector
#11 6.284   python3-deprecated python3-distutils python3-docutils python3-idna
#11 6.284   python3-importlib-metadata python3-iso8601 python3-jwcrypto python3-lib2to3
#11 6.284   python3-minimal python3-more-itertools python3-msgpack python3-netaddr
#11 6.284   python3-netifaces python3-novnc python3-numpy python3-oslo.config
#11 6.284   python3-oslo.context python3-oslo.i18n python3-oslo.log
#11 6.284   python3-oslo.serialization python3-oslo.utils python3-packaging python3-pbr
#11 6.284   python3-pil python3-pkg-resources python3-pyinotify python3-pyparsing
#11 6.284   python3-requests python3-rfc3986 python3-roman python3-setuptools
#11 6.284   python3-six python3-stevedore python3-tz python3-urllib3 python3-websockify
#11 6.284   python3-wrapt python3-yaml python3-zipp python3.11 python3.11-minimal
#11 6.284   readline-common sensible-utils sgml-base shared-mime-info systemd
#11 6.284   systemd-sysv tcl tcl8.6 tk tk8.6 ucf websockify wget x11-common x11-utils
#11 6.284   x11-xkb-utils x11vnc xauth xdg-utils xfonts-encodings xfonts-utils xkb-data
#11 6.284   xml-core xserver-common xvfb
#11 6.285 The following packages will be upgraded:
#11 6.285   libsystemd0 libudev1 perl-base
#11 6.465 3 upgraded, 307 newly installed, 0 to remove and 19 not upgraded.
#11 6.465 Need to get 509 MB of archives.
#11 6.465 After this operation, 1836 MB of additional disk space will be used.
#11 6.465 Get:1 http://deb.debian.org/debian-security bookworm-security/main amd64 perl-base amd64 5.36.0-7+deb12u4 [1610 kB]
#11 6.540 Get:2 https://dl.google.com/linux/chrome/deb stable/main amd64 google-chrome-stable amd64 154.0.8037.97-1 [142 MB]
#11 6.643 Get:3 http://deb.debian.org/debian-security bookworm-security/main amd64 libssl3 amd64 3.0.22-1~deb12u1 [2039 kB]
#11 6.676 Get:4 http://deb.debian.org/debian bookworm/main amd64 libargon2-1 amd64 0~20171227-0.3+deb12u1 [19.4 kB]
#11 6.697 Get:5 https://packages.microsoft.com/repos/edge stable/main amd64 microsoft-edge-stable amd64 154.0.4258.62-1 [193 MB]
#11 6.706 Get:6 http://deb.debian.org/debian bookworm/main amd64 libudev1 amd64 252.39-1~deb12u2 [109 kB]
#11 6.707 Get:7 http://deb.debian.org/debian bookworm/main amd64 dmsetup amd64 2:1.02.185-2 [82.0 kB]
#11 7.551 Get:8 http://deb.debian.org/debian bookworm/main amd64 libdevmapper1.02.1 amd64 2:1.02.185-2 [133 kB]
#11 7.553 Get:9 http://deb.debian.org/debian bookworm/main amd64 libjson-c5 amd64 0.16-2 [44.1 kB]
#11 7.554 Get:10 http://deb.debian.org/debian bookworm/main amd64 libcryptsetup12 amd64 2:2.6.1-4~deb12u2 [223 kB]
#11 7.555 Get:11 http://deb.debian.org/debian bookworm/main amd64 libfdisk1 amd64 2.38.1-5+deb12u3 [194 kB]
#11 7.556 Get:12 http://deb.debian.org/debian bookworm/main amd64 libkmod2 amd64 30+20221128-1 [57.9 kB]
#11 7.615 Get:13 http://deb.debian.org/debian bookworm/main amd64 libapparmor1 amd64 3.0.8-3 [41.2 kB]
#11 7.615 Get:14 http://deb.debian.org/debian bookworm/main amd64 libip4tc2 amd64 1.8.9-2 [19.0 kB]
#11 7.616 Get:15 http://deb.debian.org/debian bookworm/main amd64 libsystemd-shared amd64 252.39-1~deb12u2 [1696 kB]
#11 7.836 Get:16 http://deb.debian.org/debian bookworm/main amd64 libsystemd0 amd64 252.39-1~deb12u2 [332 kB]
#11 7.928 Get:17 http://deb.debian.org/debian bookworm/main amd64 systemd amd64 252.39-1~deb12u2 [3044 kB]
#11 8.097 Get:18 http://deb.debian.org/debian bookworm/main amd64 systemd-sysv amd64 252.39-1~deb12u2 [42.9 kB]
#11 8.097 Get:19 http://deb.debian.org/debian bookworm/main amd64 libdbus-1-3 amd64 1.14.10-1~deb12u1 [201 kB]
#11 8.099 Get:20 http://deb.debian.org/debian bookworm/main amd64 dbus-bin amd64 1.14.10-1~deb12u1 [105 kB]
#11 8.100 Get:21 http://deb.debian.org/debian bookworm/main amd64 dbus-session-bus-common all 1.14.10-1~deb12u1 [78.2 kB]
#11 8.101 Get:22 http://deb.debian.org/debian-security bookworm-security/main amd64 libexpat1 amd64 2.5.0-1+deb12u4 [106 kB]
#11 8.102 Get:23 http://deb.debian.org/debian bookworm/main amd64 dbus-daemon amd64 1.14.10-1~deb12u1 [184 kB]
#11 8.119 Get:24 http://deb.debian.org/debian bookworm/main amd64 dbus-system-bus-common all 1.14.10-1~deb12u1 [79.3 kB]
#11 8.120 Get:25 http://deb.debian.org/debian bookworm/main amd64 dbus amd64 1.14.10-1~deb12u1 [97.4 kB]
#11 8.126 Get:26 http://deb.debian.org/debian-security bookworm-security/main amd64 perl-modules-5.36 all 5.36.0-7+deb12u4 [2817 kB]
#11 8.341 Get:27 http://deb.debian.org/debian bookworm/main amd64 libgdbm6 amd64 1.23-3 [72.2 kB]
#11 8.347 Get:28 http://deb.debian.org/debian bookworm/main amd64 libgdbm-compat4 amd64 1.23-3 [48.2 kB]
#11 8.347 Get:29 http://deb.debian.org/debian-security bookworm-security/main amd64 libperl5.36 amd64 5.36.0-7+deb12u4 [4208 kB]
#11 8.644 Get:30 http://deb.debian.org/debian-security bookworm-security/main amd64 perl amd64 5.36.0-7+deb12u4 [239 kB]
#11 8.722 Get:31 http://deb.debian.org/debian-security bookworm-security/main amd64 openssl amd64 3.0.22-1~deb12u1 [1442 kB]
#11 8.876 Get:32 http://deb.debian.org/debian-security bookworm-security/main amd64 ca-certificates all 20250419~deb12u1 [162 kB]
#11 8.878 Get:33 http://deb.debian.org/debian bookworm/main amd64 fonts-liberation all 1:1.07.4-11 [828 kB]
#11 8.980 Get:34 http://deb.debian.org/debian bookworm/main amd64 libasound2-data all 1.2.8-1 [20.5 kB]
#11 8.987 Get:35 http://deb.debian.org/debian bookworm/main amd64 libasound2 amd64 1.2.8-1+b1 [362 kB]
#11 9.018 Get:36 http://deb.debian.org/debian bookworm/main amd64 libglib2.0-0 amd64 2.74.6-2+deb12u9 [1403 kB]
#11 9.207 Get:37 http://deb.debian.org/debian bookworm/main amd64 at-spi2-common all 2.46.0-5 [162 kB]
#11 9.211 Get:38 http://deb.debian.org/debian bookworm/main amd64 libatk1.0-0 amd64 2.46.0-5 [49.6 kB]
#11 9.212 Get:39 http://deb.debian.org/debian bookworm/main amd64 libxau6 amd64 1:1.0.9-1 [19.7 kB]
#11 9.213 Get:40 http://deb.debian.org/debian bookworm/main amd64 libbsd0 amd64 0.11.7-2 [117 kB]
#11 9.217 Get:41 http://deb.debian.org/debian bookworm/main amd64 libxdmcp6 amd64 1:1.1.2-3 [26.3 kB]
#11 9.217 Get:42 http://deb.debian.org/debian bookworm/main amd64 libxcb1 amd64 1.15-1 [144 kB]
#11 9.247 Get:43 http://deb.debian.org/debian bookworm/main amd64 libx11-data all 2:1.8.4-2+deb12u2 [292 kB]
#11 9.255 Get:44 http://deb.debian.org/debian bookworm/main amd64 libx11-6 amd64 2:1.8.4-2+deb12u2 [760 kB]
#11 9.294 Get:45 http://deb.debian.org/debian bookworm/main amd64 libxext6 amd64 2:1.3.4-1+b1 [52.9 kB]
#11 9.296 Get:46 http://deb.debian.org/debian bookworm/main amd64 libxi6 amd64 2:1.8-1+b1 [84.2 kB]
#11 9.305 Get:47 http://deb.debian.org/debian bookworm/main amd64 libatspi2.0-0 amd64 2.46.0-5 [75.4 kB]
#11 9.308 Get:48 http://deb.debian.org/debian bookworm/main amd64 libatk-bridge2.0-0 amd64 2.46.0-5 [64.6 kB]
#11 9.312 Get:49 http://deb.debian.org/debian bookworm/main amd64 libbrotli1 amd64 1.0.9-2+b6 [275 kB]
#11 9.351 Get:50 http://deb.debian.org/debian-security bookworm-security/main amd64 libpng16-16 amd64 1.6.39-2+deb12u6 [277 kB]
#11 9.383 Get:51 http://deb.debian.org/debian bookworm/main amd64 libfreetype6 amd64 2.12.1+dfsg-5+deb12u4 [398 kB]
#11 9.397 Get:52 http://deb.debian.org/debian bookworm/main amd64 libfontenc1 amd64 1:1.1.4-1 [24.3 kB]
#11 9.397 Get:53 http://deb.debian.org/debian bookworm/main amd64 x11-common all 1:7.7+23 [252 kB]
#11 9.418 Get:54 http://deb.debian.org/debian bookworm/main amd64 xfonts-encodings all 1:1.0.4-2.2 [577 kB]
#11 9.452 Get:55 http://deb.debian.org/debian bookworm/main amd64 xfonts-utils amd64 1:7.7+6 [93.0 kB]
#11 9.454 Get:56 http://deb.debian.org/debian bookworm/main amd64 fonts-urw-base35 all 20200910-7 [10.8 MB]
#11 10.08 Get:57 http://deb.debian.org/debian bookworm/main amd64 fontconfig-config amd64 2.14.1-4 [315 kB]
#11 10.10 Get:58 http://deb.debian.org/debian bookworm/main amd64 libfontconfig1 amd64 2.14.1-4 [386 kB]
#11 10.12 Get:59 http://deb.debian.org/debian bookworm/main amd64 libpixman-1-0 amd64 0.42.2-1 [546 kB]
#11 10.15 Get:60 http://deb.debian.org/debian bookworm/main amd64 libxcb-render0 amd64 1.15-1 [115 kB]
#11 10.15 Get:61 http://deb.debian.org/debian bookworm/main amd64 libxcb-shm0 amd64 1.15-1 [105 kB]
#11 10.16 Get:62 http://deb.debian.org/debian bookworm/main amd64 libxrender1 amd64 1:0.9.10-1.1 [33.2 kB]
#11 10.19 Get:63 http://deb.debian.org/debian bookworm/main amd64 libcairo2 amd64 1.16.0-7 [575 kB]
#11 10.21 Get:64 http://deb.debian.org/debian bookworm/main amd64 libavahi-common-data amd64 0.8-10+deb12u1 [107 kB]
#11 10.22 Get:65 http://deb.debian.org/debian bookworm/main amd64 libavahi-common3 amd64 0.8-10+deb12u1 [42.1 kB]
#11 10.22 Get:66 http://deb.debian.org/debian bookworm/main amd64 libavahi-client3 amd64 0.8-10+deb12u1 [45.8 kB]
#11 10.23 Get:67 http://deb.debian.org/debian bookworm/main amd64 libkrb5support0 amd64 1.20.1-2+deb12u5 [33.2 kB]
#11 10.23 Get:68 http://deb.debian.org/debian bookworm/main amd64 libk5crypto3 amd64 1.20.1-2+deb12u5 [79.7 kB]
#11 10.23 Get:69 http://deb.debian.org/debian bookworm/main amd64 libkeyutils1 amd64 1.6.3-2 [8808 B]
#11 10.23 Get:70 http://deb.debian.org/debian bookworm/main amd64 libkrb5-3 amd64 1.20.1-2+deb12u5 [332 kB]
#11 10.25 Get:71 http://deb.debian.org/debian bookworm/main amd64 libgssapi-krb5-2 amd64 1.20.1-2+deb12u5 [135 kB]
#11 10.26 Get:72 http://deb.debian.org/debian bookworm/main amd64 libcups2 amd64 2.4.2-3+deb12u9 [245 kB]
#11 10.27 Get:73 http://deb.debian.org/debian bookworm/main amd64 libsasl2-modules-db amd64 2.1.28+dfsg-10 [20.3 kB]
#11 10.27 Get:74 http://deb.debian.org/debian bookworm/main amd64 libsasl2-2 amd64 2.1.28+dfsg-10 [59.7 kB]
#11 10.27 Get:75 http://deb.debian.org/debian bookworm/main amd64 libldap-2.5-0 amd64 2.5.13+dfsg-5 [183 kB]
#11 10.28 Get:76 http://deb.debian.org/debian bookworm/main amd64 libnghttp2-14 amd64 1.52.0-1+deb12u3 [72.4 kB]
#11 10.33 Get:77 http://deb.debian.org/debian bookworm/main amd64 libpsl5 amd64 0.21.2-1 [58.7 kB]
#11 10.33 Get:78 http://deb.debian.org/debian bookworm/main amd64 librtmp1 amd64 2.4+20151223.gitfa8646d.1-2+b2 [60.8 kB]
#11 10.33 Get:79 http://deb.debian.org/debian-security bookworm-security/main amd64 libssh2-1 amd64 1.10.0-3+deb12u1 [176 kB]
#11 10.37 Get:80 http://deb.debian.org/debian bookworm/main amd64 libcurl3-gnutls amd64 7.88.1-10+deb12u15 [386 kB]
#11 10.38 Get:81 http://deb.debian.org/debian bookworm/main amd64 libdrm-common all 2.4.114-1 [7112 B]
#11 10.38 Get:82 http://deb.debian.org/debian bookworm/main amd64 libdrm2 amd64 2.4.114-1+b1 [37.5 kB]
#11 10.38 Get:83 http://deb.debian.org/debian bookworm/main amd64 libwayland-server0 amd64 1.21.0-1 [35.9 kB]
#11 10.39 Get:84 http://deb.debian.org/debian bookworm/main amd64 libgbm1 amd64 22.3.6-1+deb12u2 [38.1 kB]
#11 10.39 Get:85 http://deb.debian.org/debian bookworm/main amd64 hicolor-icon-theme all 0.17-2 [11.4 kB]
#11 10.39 Get:86 http://deb.debian.org/debian bookworm/main amd64 libgdk-pixbuf2.0-common all 2.42.10+dfsg-1+deb12u4 [307 kB]
#11 10.41 Get:87 http://deb.debian.org/debian bookworm/main amd64 libicu72 amd64 72.1-3+deb12u1 [9376 kB]
#11 10.94 Get:88 http://deb.debian.org/debian bookworm/main amd64 libxml2 amd64 2.9.14+dfsg-1.3~deb12u6 [689 kB]
#11 10.98 Get:89 http://deb.debian.org/debian bookworm/main amd64 shared-mime-info amd64 2.2-1 [729 kB]
#11 11.01 Get:90 http://deb.debian.org/debian bookworm/main amd64 libjpeg62-turbo amd64 1:2.1.5-2 [166 kB]
#11 11.02 Get:91 http://deb.debian.org/debian bookworm/main amd64 libdeflate0 amd64 1.14-1 [61.4 kB]
#11 11.02 Get:92 http://deb.debian.org/debian bookworm/main amd64 libjbig0 amd64 2.1-6.1 [31.7 kB]
#11 11.05 Get:93 http://deb.debian.org/debian bookworm/main amd64 liblerc4 amd64 4.0.0+ds-2 [170 kB]
#11 11.05 Get:94 http://deb.debian.org/debian bookworm/main amd64 libwebp7 amd64 1.2.4-0.2+deb12u1 [286 kB]
#11 11.09 Get:95 http://deb.debian.org/debian bookworm/main amd64 libtiff6 amd64 4.5.0-6+deb12u4 [316 kB]
#11 11.10 Get:96 http://deb.debian.org/debian bookworm/main amd64 libgdk-pixbuf-2.0-0 amd64 2.42.10+dfsg-1+deb12u4 [139 kB]
#11 11.10 Get:97 http://deb.debian.org/debian bookworm/main amd64 gtk-update-icon-cache amd64 3.24.38-2~deb12u3 [44.2 kB]
#11 11.11 Get:98 http://deb.debian.org/debian bookworm/main amd64 adwaita-icon-theme all 43-1 [5124 kB]
#11 11.43 Get:99 http://deb.debian.org/debian bookworm/main amd64 libcairo-gobject2 amd64 1.16.0-7 [112 kB]
#11 11.46 Get:100 http://deb.debian.org/debian bookworm/main amd64 liblcms2-2 amd64 2.14-2+deb12u1 [154 kB]
#11 11.46 Get:101 http://deb.debian.org/debian bookworm/main amd64 libcolord2 amd64 1.4.6-2.2 [137 kB]
#11 11.47 Get:102 http://deb.debian.org/debian bookworm/main amd64 libepoxy0 amd64 1.5.10-1 [189 kB]
#11 11.47 Get:103 http://deb.debian.org/debian bookworm/main amd64 libfribidi0 amd64 1.0.8-2.1 [65.0 kB]
#11 11.47 Get:104 http://deb.debian.org/debian bookworm/main amd64 libgraphite2-3 amd64 1.3.14-1+deb12u1 [74.6 kB]
#11 11.51 Get:105 http://deb.debian.org/debian bookworm/main amd64 libharfbuzz0b amd64 6.0.0+dfsg-3 [1945 kB]
#11 11.64 Get:106 http://deb.debian.org/debian bookworm/main amd64 fontconfig amd64 2.14.1-4 [449 kB]
#11 11.65 Get:107 http://deb.debian.org/debian bookworm/main amd64 libthai-data all 0.1.29-1 [176 kB]
#11 11.67 Get:108 http://deb.debian.org/debian bookworm/main amd64 libdatrie1 amd64 0.2.13-2+b1 [43.3 kB]
#11 11.67 Get:109 http://deb.debian.org/debian bookworm/main amd64 libthai0 amd64 0.1.29-1 [57.5 kB]
#11 11.71 Get:110 http://deb.debian.org/debian bookworm/main amd64 libpango-1.0-0 amd64 1.50.12+ds-1 [212 kB]
#11 11.71 Get:111 http://deb.debian.org/debian bookworm/main amd64 libpangoft2-1.0-0 amd64 1.50.12+ds-1 [47.4 kB]
#11 11.72 Get:112 http://deb.debian.org/debian bookworm/main amd64 libpangocairo-1.0-0 amd64 1.50.12+ds-1 [34.2 kB]
#11 11.72 Get:113 http://deb.debian.org/debian bookworm/main amd64 libwayland-client0 amd64 1.21.0-1 [28.3 kB]
#11 11.72 Get:114 http://deb.debian.org/debian bookworm/main amd64 libwayland-cursor0 amd64 1.21.0-1 [14.4 kB]
#11 11.72 Get:115 http://deb.debian.org/debian bookworm/main amd64 libwayland-egl1 amd64 1.21.0-1 [8640 B]
#11 11.72 Get:116 http://deb.debian.org/debian bookworm/main amd64 libxcomposite1 amd64 1:0.4.5-1 [16.6 kB]
#11 11.72 Get:117 http://deb.debian.org/debian bookworm/main amd64 libxfixes3 amd64 1:6.0.0-2 [22.7 kB]
#11 11.72 Get:118 http://deb.debian.org/debian bookworm/main amd64 libxcursor1 amd64 1:1.2.1-1 [40.9 kB]
#11 11.72 Get:119 http://deb.debian.org/debian bookworm/main amd64 libxdamage1 amd64 1:1.1.6-1 [15.1 kB]
#11 11.75 Get:120 http://deb.debian.org/debian bookworm/main amd64 libxinerama1 amd64 2:1.1.4-3 [17.8 kB]
#11 11.75 Get:121 http://deb.debian.org/debian bookworm/main amd64 xkb-data all 2.35.1-1 [764 kB]
#11 11.79 Get:122 http://deb.debian.org/debian bookworm/main amd64 libxkbcommon0 amd64 1.5.0-1 [106 kB]
#11 11.80 Get:123 http://deb.debian.org/debian bookworm/main amd64 libxrandr2 amd64 2:1.5.2-2+b1 [39.2 kB]
#11 11.83 Get:124 http://deb.debian.org/debian bookworm/main amd64 libpam-systemd amd64 252.39-1~deb12u2 [226 kB]
#11 11.83 Get:125 http://deb.debian.org/debian bookworm/main amd64 dbus-user-session amd64 1.14.10-1~deb12u1 [78.1 kB]
#11 11.84 Get:126 http://deb.debian.org/debian bookworm/main amd64 libdconf1 amd64 0.40.0-4 [40.9 kB]
#11 11.84 Get:127 http://deb.debian.org/debian bookworm/main amd64 libncursesw6 amd64 6.4-4 [134 kB]
#11 11.85 Get:128 http://deb.debian.org/debian bookworm/main amd64 libproc2-0 amd64 2:4.0.2-3 [62.8 kB]
#11 11.85 Get:129 http://deb.debian.org/debian bookworm/main amd64 procps amd64 2:4.0.2-3 [709 kB]
#11 11.89 Get:130 http://deb.debian.org/debian bookworm/main amd64 dconf-service amd64 0.40.0-4 [31.6 kB]
#11 11.90 Get:131 http://deb.debian.org/debian bookworm/main amd64 dconf-gsettings-backend amd64 0.40.0-4 [27.8 kB]
#11 11.92 Get:132 http://deb.debian.org/debian bookworm/main amd64 libgtk-3-common all 3.24.38-2~deb12u3 [3895 kB]
#11 12.15 Get:133 http://deb.debian.org/debian bookworm/main amd64 libgtk-3-0 amd64 3.24.38-2~deb12u3 [2847 kB]
#11 12.32 Get:134 http://deb.debian.org/debian bookworm/main amd64 libnspr4 amd64 2:4.35-1 [113 kB]
#11 12.33 Get:135 http://deb.debian.org/debian bookworm/main amd64 libsqlite3-0 amd64 3.40.1-2+deb12u2 [839 kB]
#11 12.38 Get:136 http://deb.debian.org/debian-security bookworm-security/main amd64 libnss3 amd64 2:3.87.1-1+deb12u4 [1331 kB]
#11 12.44 Get:137 http://deb.debian.org/debian bookworm/main amd64 libvulkan1 amd64 1.3.239.0-1 [116 kB]
#11 12.45 Get:138 http://deb.debian.org/debian bookworm/main amd64 wget amd64 1.21.3-1+deb12u1 [937 kB]
#11 12.49 Get:139 http://deb.debian.org/debian bookworm/main amd64 xdg-utils all 1.1.3-4.1 [75.5 kB]
#11 12.50 Get:140 http://deb.debian.org/debian bookworm/main amd64 poppler-data all 0.4.12-1 [1601 kB]
#11 12.61 Get:141 http://deb.debian.org/debian bookworm/main amd64 libpython3.11-minimal amd64 3.11.2-6+deb12u8 [818 kB]
#11 12.65 Get:142 http://deb.debian.org/debian bookworm/main amd64 python3.11-minimal amd64 3.11.2-6+deb12u8 [2065 kB]
#11 12.74 Get:143 http://deb.debian.org/debian bookworm/main amd64 python3-minimal amd64 3.11.2-1+b1 [26.3 kB]
#11 12.74 Get:144 http://deb.debian.org/debian bookworm/main amd64 media-types all 10.0.0 [26.1 kB]
#11 12.75 Get:145 http://deb.debian.org/debian bookworm/main amd64 mailcap all 3.70+nmu1 [32.0 kB]
#11 12.75 Get:146 http://deb.debian.org/debian bookworm/main amd64 mime-support all 3.66 [10.9 kB]
#11 12.75 Get:147 http://deb.debian.org/debian bookworm/main amd64 libtirpc-common all 1.3.3+ds-1 [14.0 kB]
#11 12.75 Get:148 http://deb.debian.org/debian bookworm/main amd64 libtirpc3 amd64 1.3.3+ds-1 [85.2 kB]
#11 12.75 Get:149 http://deb.debian.org/debian bookworm/main amd64 libnsl2 amd64 1.3.0-2 [39.5 kB]
#11 12.76 Get:150 http://deb.debian.org/debian bookworm/main amd64 readline-common all 8.2-1.3 [69.0 kB]
#11 12.76 Get:151 http://deb.debian.org/debian bookworm/main amd64 libreadline8 amd64 8.2-1.3 [166 kB]
#11 12.77 Get:152 http://deb.debian.org/debian bookworm/main amd64 libpython3.11-stdlib amd64 3.11.2-6+deb12u8 [1799 kB]
#11 12.86 Get:153 http://deb.debian.org/debian bookworm/main amd64 python3.11 amd64 3.11.2-6+deb12u8 [574 kB]
#11 12.89 Get:154 http://deb.debian.org/debian bookworm/main amd64 libpython3-stdlib amd64 3.11.2-1+b1 [9312 B]
#11 12.89 Get:155 http://deb.debian.org/debian bookworm/main amd64 python3 amd64 3.11.2-1+b1 [26.3 kB]
#11 12.89 Get:156 http://deb.debian.org/debian bookworm/main amd64 sgml-base all 1.31 [15.4 kB]
#11 12.89 Get:157 http://deb.debian.org/debian bookworm/main amd64 sensible-utils all 0.0.17+nmu1 [19.0 kB]
#11 12.89 Get:158 http://deb.debian.org/debian bookworm/main amd64 ucf all 3.0043+nmu1+deb12u1 [55.3 kB]
#11 12.89 Get:159 http://deb.debian.org/debian bookworm/main amd64 xml-core all 0.18+nmu1 [23.8 kB]
#11 12.89 Get:160 http://deb.debian.org/debian bookworm/main amd64 docutils-common all 0.19+dfsg-6 [127 kB]
#11 12.93 Get:161 http://deb.debian.org/debian bookworm/main amd64 menu amd64 2.1.49 [371 kB]
#11 12.94 Get:162 http://deb.debian.org/debian bookworm/main amd64 libgif7 amd64 5.2.1-2.5+deb12u1 [43.0 kB]
#11 12.94 Get:163 http://deb.debian.org/debian-security bookworm-security/main amd64 libaom3 amd64 3.6.0-1+deb12u3 [1851 kB]
#11 13.06 Get:164 http://deb.debian.org/debian bookworm/main amd64 libdav1d6 amd64 1.0.0-2+deb12u1 [513 kB]
#11 13.10 Get:165 http://deb.debian.org/debian-security bookworm-security/main amd64 libde265-0 amd64 1.0.11-1+deb12u3 [186 kB]
#11 13.10 Get:166 http://deb.debian.org/debian bookworm/main amd64 libnuma1 amd64 2.0.16-1 [21.0 kB]
#11 13.10 Get:167 http://deb.debian.org/debian bookworm/main amd64 libx265-199 amd64 3.5-2+b1 [1150 kB]
#11 13.19 Get:168 http://deb.debian.org/debian bookworm/main amd64 libheif1 amd64 1.15.1-1+deb12u1 [215 kB]
#11 13.20 Get:169 http://deb.debian.org/debian bookworm/main amd64 libid3tag0 amd64 0.15.1b-14 [35.4 kB]
#11 13.22 Get:170 http://deb.debian.org/debian bookworm/main amd64 libhwy1 amd64 1.0.3-3+deb12u1 [348 kB]
#11 13.23 Get:171 http://deb.debian.org/debian bookworm/main amd64 libjxl0.7 amd64 0.7.0-10+deb12u1 [1046 kB]
#11 13.29 Get:172 http://deb.debian.org/debian bookworm/main amd64 libopenjp2-7 amd64 2.5.0-2+deb12u3 [189 kB]
#11 13.29 Get:173 http://deb.debian.org/debian bookworm/main amd64 librsvg2-2 amd64 2.54.7+dfsg-1~deb12u1 [2620 kB]
#11 13.41 Get:174 http://deb.debian.org/debian bookworm/main amd64 libgs-common all 10.0.0~dfsg-11+deb12u8 [149 kB]
#11 13.45 Get:175 http://deb.debian.org/debian bookworm/main amd64 libgs10-common all 10.0.0~dfsg-11+deb12u8 [587 kB]
#11 13.47 Get:176 http://deb.debian.org/debian bookworm/main amd64 libidn12 amd64 1.41-1 [83.8 kB]
#11 13.48 Get:177 http://deb.debian.org/debian bookworm/main amd64 libijs-0.35 amd64 0.35-15 [16.4 kB]
#11 13.48 Get:178 http://deb.debian.org/debian-security bookworm-security/main amd64 libjbig2dec0 amd64 0.19-3+deb12u1 [64.6 kB]
#11 13.48 Get:179 http://deb.debian.org/debian bookworm/main amd64 libpaper1 amd64 1.1.29 [12.5 kB]
#11 13.48 Get:180 http://deb.debian.org/debian bookworm/main amd64 libice6 amd64 2:1.0.10-1 [58.5 kB]
#11 13.49 Get:181 http://deb.debian.org/debian bookworm/main amd64 libsm6 amd64 2:1.2.3-1 [35.1 kB]
#11 13.49 Get:182 http://deb.debian.org/debian bookworm/main amd64 libxt6 amd64 1:1.2.1-1.1 [186 kB]
#11 13.50 Get:183 http://deb.debian.org/debian bookworm/main amd64 libgs10 amd64 10.0.0~dfsg-11+deb12u8 [2467 kB]
#11 13.61 Get:184 http://deb.debian.org/debian bookworm/main amd64 libspectre1 amd64 0.2.12-1 [50.6 kB]
#11 13.61 Get:185 http://deb.debian.org/debian bookworm/main amd64 libwebpdemux2 amd64 1.2.4-0.2+deb12u1 [99.4 kB]
#11 13.61 Get:186 http://deb.debian.org/debian bookworm/main amd64 libx11-xcb1 amd64 2:1.8.4-2+deb12u2 [192 kB]
#11 13.65 Get:187 http://deb.debian.org/debian bookworm/main amd64 libimlib2 amd64 1.10.0-4+deb12u1 [206 kB]
#11 13.66 Get:188 http://deb.debian.org/debian bookworm/main amd64 libxft2 amd64 2.3.6-1 [61.8 kB]
#11 13.66 Get:189 http://deb.debian.org/debian bookworm/main amd64 libxpm4 amd64 1:3.5.12-1.1+deb12u1 [48.6 kB]
#11 13.69 Get:190 http://deb.debian.org/debian bookworm/main amd64 fluxbox amd64 1.3.5-2.1 [1202 kB]
#11 13.77 Get:191 http://deb.debian.org/debian bookworm/main amd64 ieee-data all 20220827.1 [2029 kB]
#11 13.89 Get:192 http://deb.debian.org/debian bookworm/main amd64 libblas3 amd64 3.11.0-2 [149 kB]
#11 13.89 Get:193 http://deb.debian.org/debian bookworm/main amd64 libc-ares2 amd64 1.18.1-3 [102 kB]
#11 13.89 Get:194 http://deb.debian.org/debian bookworm/main amd64 libdrm-amdgpu1 amd64 2.4.114-1+b1 [20.9 kB]
#11 13.89 Get:195 http://deb.debian.org/debian bookworm/main amd64 libpciaccess0 amd64 0.17-2 [51.4 kB]
#11 13.90 Get:196 http://deb.debian.org/debian bookworm/main amd64 libdrm-intel1 amd64 2.4.114-1+b1 [64.0 kB]
#11 13.90 Get:197 http://deb.debian.org/debian bookworm/main amd64 libdrm-nouveau2 amd64 2.4.114-1+b1 [19.1 kB]
#11 13.90 Get:198 http://deb.debian.org/debian bookworm/main amd64 libdrm-radeon1 amd64 2.4.114-1+b1 [21.8 kB]
#11 13.90 Get:199 http://deb.debian.org/debian bookworm/main amd64 libedit2 amd64 3.1-20221030-2 [93.0 kB]
#11 13.90 Get:200 http://deb.debian.org/debian bookworm/main amd64 libelf1 amd64 0.188-2.1 [174 kB]
#11 13.92 Get:201 http://deb.debian.org/debian bookworm/main amd64 libquadmath0 amd64 12.2.0-14+deb12u1 [145 kB]
#11 13.92 Get:202 http://deb.debian.org/debian bookworm/main amd64 libgfortran5 amd64 12.2.0-14+deb12u1 [793 kB]
#11 13.96 Get:203 http://deb.debian.org/debian bookworm/main amd64 libglvnd0 amd64 1.6.0-1 [51.8 kB]
#11 13.96 Get:204 http://deb.debian.org/debian bookworm/main amd64 libglapi-mesa amd64 22.3.6-1+deb12u2 [35.9 kB]
#11 13.96 Get:205 http://deb.debian.org/debian bookworm/main amd64 libxcb-dri2-0 amd64 1.15-1 [107 kB]
#11 13.96 Get:206 http://deb.debian.org/debian bookworm/main amd64 libxcb-dri3-0 amd64 1.15-1 [107 kB]
#11 13.97 Get:207 http://deb.debian.org/debian bookworm/main amd64 libxcb-glx0 amd64 1.15-1 [122 kB]
#11 14.01 Get:208 http://deb.debian.org/debian bookworm/main amd64 libxcb-present0 amd64 1.15-1 [105 kB]
#11 14.01 Get:209 http://deb.debian.org/debian bookworm/main amd64 libxcb-randr0 amd64 1.15-1 [117 kB]
#11 14.01 Get:210 http://deb.debian.org/debian bookworm/main amd64 libxcb-sync1 amd64 1.15-1 [109 kB]
#11 14.04 Get:211 http://deb.debian.org/debian bookworm/main amd64 libxcb-xfixes0 amd64 1.15-1 [109 kB]
#11 14.05 Get:212 http://deb.debian.org/debian bookworm/main amd64 libxshmfence1 amd64 1.3-1 [8820 B]
#11 14.05 Get:213 http://deb.debian.org/debian bookworm/main amd64 libxxf86vm1 amd64 1:1.1.4-1+b2 [20.8 kB]
#11 14.05 Get:214 http://deb.debian.org/debian bookworm/main amd64 libz3-4 amd64 4.8.12-3.1 [7216 kB]
#11 14.38 Get:215 http://deb.debian.org/debian bookworm/main amd64 libllvm15 amd64 1:15.0.6-4+b1 [23.1 MB]
#11 15.46 Get:216 http://deb.debian.org/debian bookworm/main amd64 libsensors-config all 1:3.6.0-7.1 [14.3 kB]
#11 15.46 Get:217 http://deb.debian.org/debian bookworm/main amd64 libsensors5 amd64 1:3.6.0-7.1 [34.2 kB]
#11 15.49 Get:218 http://deb.debian.org/debian bookworm/main amd64 libgl1-mesa-dri amd64 22.3.6-1+deb12u2 [7240 kB]
#11 15.85 Get:219 http://deb.debian.org/debian bookworm/main amd64 libglx-mesa0 amd64 22.3.6-1+deb12u2 [148 kB]
#11 15.86 Get:220 http://deb.debian.org/debian bookworm/main amd64 libglx0 amd64 1.6.0-1 [34.4 kB]
#11 15.86 Get:221 http://deb.debian.org/debian bookworm/main amd64 libgl1 amd64 1.6.0-1 [88.4 kB]
#11 15.86 Get:222 http://deb.debian.org/debian bookworm/main amd64 libgomp1 amd64 12.2.0-14+deb12u1 [116 kB]
#11 15.86 Get:223 http://deb.debian.org/debian bookworm/main amd64 libimagequant0 amd64 2.17.0-1 [32.5 kB]
#11 15.91 Get:224 http://deb.debian.org/debian bookworm/main amd64 liblapack3 amd64 3.11.0-2 [2323 kB]
#11 16.02 Get:225 http://deb.debian.org/debian bookworm/main amd64 liblzo2-2 amd64 2.10-2 [56.9 kB]
#11 16.05 Get:226 http://deb.debian.org/debian bookworm/main amd64 libuv1 amd64 1.44.2-1+deb12u1 [136 kB]
#11 16.06 Get:227 http://deb.debian.org/debian bookworm/main amd64 node-xtend all 4.0.2-3 [3932 B]
#11 16.06 Get:228 http://deb.debian.org/debian-security bookworm-security/main amd64 nodejs amd64 18.20.4+dfsg-1~deb12u3 [322 kB]
#11 16.06 Get:229 http://deb.debian.org/debian bookworm/main amd64 node-acorn all 8.8.1+ds+~cs25.17.7-2 [128 kB]
#11 16.06 Get:230 http://deb.debian.org/debian bookworm/main amd64 node-cjs-module-lexer all 1.2.2+dfsg-5 [30.1 kB]
#11 16.07 Get:231 http://deb.debian.org/debian bookworm/main amd64 node-busboy all 1.6.0+~cs2.6.0-2 [16.9 kB]
#11 16.07 Get:232 http://deb.debian.org/debian bookworm/main amd64 node-undici all 5.15.0+dfsg1+~cs20.10.9.3-1+deb12u4 [285 kB]
#11 16.09 Get:233 http://deb.debian.org/debian-security bookworm-security/main amd64 libnode108 amd64 18.20.4+dfsg-1~deb12u3 [10.6 MB]
#11 16.58 Get:234 http://deb.debian.org/debian-security bookworm-security/main amd64 libnss3-tools amd64 2:3.87.1-1+deb12u4 [1052 kB]
#11 16.62 Get:235 http://deb.debian.org/debian bookworm/main amd64 libraqm0 amd64 0.7.0-4.1 [10.6 kB]
#11 16.65 Get:236 http://deb.debian.org/debian bookworm/main amd64 libtcl8.6 amd64 8.6.13+dfsg-2 [1035 kB]
#11 16.69 Get:237 http://deb.debian.org/debian bookworm/main amd64 libxss1 amd64 1:1.2.3-1 [17.8 kB]
#11 16.69 Get:238 http://deb.debian.org/debian bookworm/main amd64 libtk8.6 amd64 8.6.13-2 [781 kB]
#11 16.74 Get:239 http://deb.debian.org/debian bookworm/main amd64 libunwind8 amd64 1.6.2-3 [51.2 kB]
#11 16.74 Get:240 http://deb.debian.org/debian bookworm/main amd64 libvncclient1 amd64 0.9.14+dfsg-1+deb12u2 [186 kB]
#11 16.75 Get:241 http://deb.debian.org/debian bookworm/main amd64 libvncserver1 amd64 0.9.14+dfsg-1+deb12u2 [242 kB]
#11 16.79 Get:242 http://deb.debian.org/debian bookworm/main amd64 libwebpmux3 amd64 1.2.4-0.2+deb12u1 [109 kB]
#11 16.79 Get:243 http://deb.debian.org/debian bookworm/main amd64 libxmu6 amd64 2:1.1.3-3 [60.1 kB]
#11 16.82 Get:244 http://deb.debian.org/debian bookworm/main amd64 libxaw7 amd64 2:1.0.14-1 [201 kB]
#11 16.83 Get:245 http://deb.debian.org/debian bookworm/main amd64 libxcb-shape0 amd64 1.15-1 [106 kB]
#11 16.83 Get:246 http://deb.debian.org/debian-security bookworm-security/main amd64 libxfont2 amd64 1:2.0.6-1+deb12u1 [132 kB]
#11 16.83 Get:247 http://deb.debian.org/debian bookworm/main amd64 libxkbfile1 amd64 1:1.1.0-1 [75.2 kB]
#11 16.84 Get:248 http://deb.debian.org/debian bookworm/main amd64 libxmuu1 amd64 2:1.1.3-3 [23.9 kB]
#11 16.84 Get:249 http://deb.debian.org/debian bookworm/main amd64 libxtst6 amd64 2:1.2.3-1.1 [28.0 kB]
#11 16.84 Get:250 http://deb.debian.org/debian bookworm/main amd64 libxv1 amd64 2:1.0.11-1.1 [24.8 kB]
#11 16.84 Get:251 http://deb.debian.org/debian bookworm/main amd64 libxxf86dga1 amd64 2:1.1.5-1 [22.1 kB]
#11 16.84 Get:252 http://deb.debian.org/debian bookworm/main amd64 libyaml-0-2 amd64 0.2.5-1 [53.6 kB]
#11 16.87 Get:253 http://deb.debian.org/debian bookworm/main amd64 net-tools amd64 2.10-0.1+deb12u2 [243 kB]
#11 16.87 Get:254 http://deb.debian.org/debian bookworm/main amd64 python3-pkg-resources all 66.1.1-1+deb12u2 [297 kB]
#11 16.88 Get:255 http://deb.debian.org/debian bookworm/main amd64 python3-lib2to3 all 3.11.2-3 [76.3 kB]
#11 16.89 Get:256 http://deb.debian.org/debian bookworm/main amd64 python3-distutils all 3.11.2-3 [131 kB]
#11 16.90 Get:257 http://deb.debian.org/debian bookworm/main amd64 python3-setuptools all 66.1.1-1+deb12u2 [522 kB]
#11 16.93 Get:258 http://deb.debian.org/debian bookworm/main amd64 python3-six all 1.16.0-4 [17.5 kB]
#11 16.93 Get:259 http://deb.debian.org/debian bookworm/main amd64 python3-pbr all 5.10.0-2 [61.4 kB]
#11 16.93 Get:260 http://deb.debian.org/debian bookworm/main amd64 python3-wrapt amd64 1.14.1-2+b2 [42.1 kB]
#11 16.93 Get:261 http://deb.debian.org/debian bookworm/main amd64 python3-more-itertools all 8.10.0-2 [53.0 kB]
#11 16.93 Get:262 http://deb.debian.org/debian bookworm/main amd64 python3-zipp all 1.0.0-6+deb12u1 [7428 B]
#11 16.93 Get:263 http://deb.debian.org/debian bookworm/main amd64 python3-importlib-metadata all 4.12.0-1 [24.9 kB]
#11 16.93 Get:264 http://deb.debian.org/debian bookworm/main amd64 python3-debtcollector all 2.5.0-2 [13.9 kB]
#11 16.94 Get:265 http://deb.debian.org/debian bookworm/main amd64 python3-roman all 3.3-3 [9880 B]
#11 16.97 Get:266 http://deb.debian.org/debian bookworm/main amd64 python3-docutils all 0.19+dfsg-6 [382 kB]
#11 17.00 Get:267 http://deb.debian.org/debian bookworm/main amd64 python3-netaddr all 0.8.0-2 [295 kB]
#11 17.01 Get:268 http://deb.debian.org/debian bookworm/main amd64 python3-oslo.i18n all 5.1.0-3 [18.9 kB]
#11 17.01 Get:269 http://deb.debian.org/debian bookworm/main amd64 python3-dateutil all 2.8.2-2 [78.3 kB]
#11 17.01 Get:270 http://deb.debian.org/debian bookworm/main amd64 python3-oslo.context all 5.0.0-2 [14.3 kB]
#11 17.01 Get:271 http://deb.debian.org/debian bookworm/main amd64 python3-msgpack amd64 1.0.3-2+b1 [67.3 kB]
#11 17.01 Get:272 http://deb.debian.org/debian bookworm/main amd64 python3-iso8601 all 1.0.2-1 [15.7 kB]
#11 17.02 Get:273 http://deb.debian.org/debian bookworm/main amd64 python3-netifaces amd64 0.11.0-2+b1 [16.9 kB]
#11 17.02 Get:274 http://deb.debian.org/debian bookworm/main amd64 python3-packaging all 23.0-1 [32.5 kB]
#11 17.02 Get:275 http://deb.debian.org/debian bookworm/main amd64 python3-pyparsing all 3.0.9-1 [138 kB]
#11 17.03 Get:276 http://deb.debian.org/debian bookworm/main amd64 python3-tz all 2022.7.1-4 [30.1 kB]
#11 17.04 Get:277 http://deb.debian.org/debian bookworm/main amd64 python3-oslo.utils all 6.0.1-2 [60.3 kB]
#11 17.07 Get:278 http://deb.debian.org/debian bookworm/main amd64 python3-yaml amd64 6.0-3+b2 [119 kB]
#11 17.08 Get:279 http://deb.debian.org/debian bookworm/main amd64 python3-oslo.serialization all 5.0.0-2 [15.9 kB]
#11 17.08 Get:280 http://deb.debian.org/debian bookworm/main amd64 python3-pyinotify all 0.9.6-2 [27.4 kB]
#11 17.08 Get:281 http://deb.debian.org/debian bookworm/main amd64 python3-oslo.log all 5.0.1-1 [43.6 kB]
#11 17.08 Get:282 http://deb.debian.org/debian bookworm/main amd64 python3-certifi all 2022.9.24-1 [153 kB]
#11 17.09 Get:283 http://deb.debian.org/debian bookworm/main amd64 python3-charset-normalizer all 3.0.1-2 [49.3 kB]
#11 17.09 Get:284 http://deb.debian.org/debian bookworm/main amd64 python3-idna all 3.3-1+deb12u1 [41.0 kB]
#11 17.11 Get:285 http://deb.debian.org/debian bookworm/main amd64 python3-urllib3 all 1.26.12-1+deb12u4 [114 kB]
#11 17.14 Get:286 http://deb.debian.org/debian bookworm/main amd64 python3-chardet all 5.1.0+dfsg-2 [110 kB]
#11 17.14 Get:287 http://deb.debian.org/debian bookworm/main amd64 python3-requests all 2.28.1+dfsg-1 [67.9 kB]
#11 17.15 Get:288 http://deb.debian.org/debian bookworm/main amd64 python3-rfc3986 all 1.5.0-2 [22.2 kB]
#11 17.15 Get:289 http://deb.debian.org/debian bookworm/main amd64 python3-stevedore all 4.0.2-2 [21.0 kB]
#11 17.15 Get:290 http://deb.debian.org/debian bookworm/main amd64 python3-oslo.config all 1:9.0.0-3 [108 kB]
#11 17.18 Get:291 http://deb.debian.org/debian bookworm/main amd64 python3-pil amd64 9.4.0-1.1+deb12u1 [472 kB]
#11 17.19 Get:292 http://deb.debian.org/debian bookworm/main amd64 python3-novnc all 1:1.3.0-1 [12.2 kB]
#11 17.19 Get:293 http://deb.debian.org/debian bookworm/main amd64 python3-numpy amd64 1:1.24.2-1+deb12u1 [4960 kB]
#11 17.42 Get:294 http://deb.debian.org/debian bookworm/main amd64 python3-cffi-backend amd64 1.15.1-5+b1 [84.6 kB]
#11 17.43 Get:295 http://deb.debian.org/debian bookworm/main amd64 python3-cryptography amd64 38.0.4-3+deb12u1 [665 kB]
#11 17.45 Get:296 http://deb.debian.org/debian bookworm/main amd64 python3-deprecated all 1.2.13-3 [14.1 kB]
#11 17.45 Get:297 http://deb.debian.org/debian bookworm/main amd64 python3-jwcrypto all 1.1.0-1+deb12u1 [27.4 kB]
#11 17.45 Get:298 http://deb.debian.org/debian bookworm/main amd64 python3-websockify amd64 0.10.0+dfsg1-4+b1 [43.2 kB]
#11 17.46 Get:299 http://deb.debian.org/debian bookworm/main amd64 websockify amd64 0.10.0+dfsg1-4+b1 [22.8 kB]
#11 17.46 Get:300 http://deb.debian.org/debian bookworm/main amd64 novnc all 1:1.3.0-1 [252 kB]
#11 17.50 Get:301 http://deb.debian.org/debian bookworm/main amd64 tcl8.6 amd64 8.6.13+dfsg-2 [120 kB]
#11 17.50 Get:302 http://deb.debian.org/debian bookworm/main amd64 tcl amd64 8.6.13 [4016 B]
#11 17.50 Get:303 http://deb.debian.org/debian bookworm/main amd64 tk8.6 amd64 8.6.13-2 [69.4 kB]
#11 17.50 Get:304 http://deb.debian.org/debian bookworm/main amd64 tk amd64 8.6.13 [4052 B]
#11 17.50 Get:305 http://deb.debian.org/debian bookworm/main amd64 x11-utils amd64 7.7+5 [202 kB]
#11 17.51 Get:306 http://deb.debian.org/debian bookworm/main amd64 x11-xkb-utils amd64 7.7+7 [165 kB]
#11 17.51 Get:307 http://deb.debian.org/debian bookworm/main amd64 x11vnc amd64 0.9.16-9 [1017 kB]
#11 17.56 Get:308 http://deb.debian.org/debian bookworm/main amd64 xauth amd64 1:1.1.2-1 [36.0 kB]
#11 17.56 Get:309 http://deb.debian.org/debian-security bookworm-security/main amd64 xserver-common all 2:21.1.7-3+deb12u13 [2384 kB]
#11 17.68 Get:310 http://deb.debian.org/debian-security bookworm-security/main amd64 xvfb amd64 2:21.1.7-3+deb12u13 [3154 kB]
#11 49.85 debconf: delaying package configuration, since apt-utils is not installed
#11 49.90 Fetched 509 MB in 43s (11.8 MB/s)
#11 49.98 (Reading database ... (Reading database ... 5%(Reading database ... 10%(Reading database ... 15%(Reading database ... 20%(Reading database ... 25%(Reading database ... 30%(Reading database ... 35%(Reading database ... 40%(Reading database ... 45%(Reading database ... 50%(Reading database ... 55%(Reading database ... 60%(Reading database ... 65%(Reading database ... 70%(Reading database ... 75%(Reading database ... 80%(Reading database ... 85%(Reading database ... 90%(Reading database ... 95%(Reading database ... 100%(Reading database ... 6095 files and directories currently installed.)
#11 49.98 Preparing to unpack .../perl-base_5.36.0-7+deb12u4_amd64.deb ...
#11 50.10 Unpacking perl-base (5.36.0-7+deb12u4) over (5.36.0-7+deb12u3) ...
#11 50.90 Setting up perl-base (5.36.0-7+deb12u4) ...
#11 51.04 Selecting previously unselected package libssl3:amd64.
#11 51.04 (Reading database ... (Reading database ... 5%(Reading database ... 10%(Reading database ... 15%(Reading database ... 20%(Reading database ... 25%(Reading database ... 30%(Reading database ... 35%(Reading database ... 40%(Reading database ... 45%(Reading database ... 50%(Reading database ... 55%(Reading database ... 60%(Reading database ... 65%(Reading database ... 70%(Reading database ... 75%(Reading database ... 80%(Reading database ... 85%(Reading database ... 90%(Reading database ... 95%(Reading database ... 100%(Reading database ... 6095 files and directories currently installed.)
#11 51.04 Preparing to unpack .../libssl3_3.0.22-1~deb12u1_amd64.deb ...
#11 51.05 Unpacking libssl3:amd64 (3.0.22-1~deb12u1) ...
#11 51.23 Selecting previously unselected package libargon2-1:amd64.
#11 51.23 Preparing to unpack .../libargon2-1_0~20171227-0.3+deb12u1_amd64.deb ...
#11 51.24 Unpacking libargon2-1:amd64 (0~20171227-0.3+deb12u1) ...
#11 51.32 Preparing to unpack .../libudev1_252.39-1~deb12u2_amd64.deb ...
#11 51.33 Unpacking libudev1:amd64 (252.39-1~deb12u2) over (252.39-1~deb12u1) ...
#11 51.40 Setting up libudev1:amd64 (252.39-1~deb12u2) ...
#11 51.48 Selecting previously unselected package dmsetup.
#11 51.48 (Reading database ... (Reading database ... 5%(Reading database ... 10%(Reading database ... 15%(Reading database ... 20%(Reading database ... 25%(Reading database ... 30%(Reading database ... 35%(Reading database ... 40%(Reading database ... 45%(Reading database ... 50%(Reading database ... 55%(Reading database ... 60%(Reading database ... 65%(Reading database ... 70%(Reading database ... 75%(Reading database ... 80%(Reading database ... 85%(Reading database ... 90%(Reading database ... 95%(Reading database ... 100%(Reading database ... 6112 files and directories currently installed.)
#11 51.49 Preparing to unpack .../0-dmsetup_2%3a1.02.185-2_amd64.deb ...
#11 51.49 Unpacking dmsetup (2:1.02.185-2) ...
#11 51.58 Selecting previously unselected package libdevmapper1.02.1:amd64.
#11 51.58 Preparing to unpack .../1-libdevmapper1.02.1_2%3a1.02.185-2_amd64.deb ...
#11 51.59 Unpacking libdevmapper1.02.1:amd64 (2:1.02.185-2) ...
#11 51.68 Selecting previously unselected package libjson-c5:amd64.
#11 51.68 Preparing to unpack .../2-libjson-c5_0.16-2_amd64.deb ...
#11 51.69 Unpacking libjson-c5:amd64 (0.16-2) ...
#11 51.78 Selecting previously unselected package libcryptsetup12:amd64.
#11 51.78 Preparing to unpack .../3-libcryptsetup12_2%3a2.6.1-4~deb12u2_amd64.deb ...
#11 51.78 Unpacking libcryptsetup12:amd64 (2:2.6.1-4~deb12u2) ...
#11 51.90 Selecting previously unselected package libfdisk1:amd64.
#11 51.90 Preparing to unpack .../4-libfdisk1_2.38.1-5+deb12u3_amd64.deb ...
#11 51.90 Unpacking libfdisk1:amd64 (2.38.1-5+deb12u3) ...
#11 52.01 Selecting previously unselected package libkmod2:amd64.
#11 52.01 Preparing to unpack .../5-libkmod2_30+20221128-1_amd64.deb ...
#11 52.02 Unpacking libkmod2:amd64 (30+20221128-1) ...
#11 52.11 Selecting previously unselected package libapparmor1:amd64.
#11 52.11 Preparing to unpack .../6-libapparmor1_3.0.8-3_amd64.deb ...
#11 52.11 Unpacking libapparmor1:amd64 (3.0.8-3) ...
#11 52.21 Selecting previously unselected package libip4tc2:amd64.
#11 52.21 Preparing to unpack .../7-libip4tc2_1.8.9-2_amd64.deb ...
#11 52.21 Unpacking libip4tc2:amd64 (1.8.9-2) ...
#11 52.29 Selecting previously unselected package libsystemd-shared:amd64.
#11 52.29 Preparing to unpack .../8-libsystemd-shared_252.39-1~deb12u2_amd64.deb ...
#11 52.30 Unpacking libsystemd-shared:amd64 (252.39-1~deb12u2) ...
#11 52.48 Preparing to unpack .../9-libsystemd0_252.39-1~deb12u2_amd64.deb ...
#11 52.49 Unpacking libsystemd0:amd64 (252.39-1~deb12u2) over (252.39-1~deb12u1) ...
#11 52.57 Setting up libsystemd0:amd64 (252.39-1~deb12u2) ...
#11 52.58 Setting up libssl3:amd64 (3.0.22-1~deb12u1) ...
#11 52.66 Selecting previously unselected package systemd.
#11 52.66 (Reading database ... (Reading database ... 5%(Reading database ... 10%(Reading database ... 15%(Reading database ... 20%(Reading database ... 25%(Reading database ... 30%(Reading database ... 35%(Reading database ... 40%(Reading database ... 45%(Reading database ... 50%(Reading database ... 55%(Reading database ... 60%(Reading database ... 65%(Reading database ... 70%(Reading database ... 75%(Reading database ... 80%(Reading database ... 85%(Reading database ... 90%(Reading database ... 95%(Reading database ... 100%(Reading database ... 6181 files and directories currently installed.)
#11 52.67 Preparing to unpack .../systemd_252.39-1~deb12u2_amd64.deb ...
#11 52.85 Unpacking systemd (252.39-1~deb12u2) ...
#11 53.09 Setting up libargon2-1:amd64 (0~20171227-0.3+deb12u1) ...
#11 53.10 Setting up libjson-c5:amd64 (0.16-2) ...
#11 53.11 Setting up libfdisk1:amd64 (2.38.1-5+deb12u3) ...
#11 53.11 Setting up libkmod2:amd64 (30+20221128-1) ...
#11 53.11 Setting up libapparmor1:amd64 (3.0.8-3) ...
#11 53.12 Setting up libip4tc2:amd64 (1.8.9-2) ...
#11 53.12 Setting up libsystemd-shared:amd64 (252.39-1~deb12u2) ...
#11 53.13 Setting up libdevmapper1.02.1:amd64 (2:1.02.185-2) ...
#11 53.13 Setting up libcryptsetup12:amd64 (2:2.6.1-4~deb12u2) ...
#11 53.14 Setting up systemd (252.39-1~deb12u2) ...
#11 53.19 Created symlink /etc/systemd/system/getty.target.wants/getty@tty1.service → /lib/systemd/system/getty@.service.
#11 53.21 Created symlink /etc/systemd/system/multi-user.target.wants/remote-fs.target → /lib/systemd/system/remote-fs.target.
#11 53.25 Created symlink /etc/systemd/system/sysinit.target.wants/systemd-pstore.service → /lib/systemd/system/systemd-pstore.service.
#11 53.27 Initializing machine ID from random generator.
#11 53.37 Creating group 'systemd-journal' with GID 999.
#11 53.37 Creating group 'systemd-network' with GID 998.
#11 53.37 Creating user 'systemd-network' (systemd Network Management) with UID 998 and GID 998.
#11 53.59 Setting up dmsetup (2:1.02.185-2) ...
#11 53.70 Selecting previously unselected package systemd-sysv.
#11 53.70 (Reading database ... (Reading database ... 5%(Reading database ... 10%(Reading database ... 15%(Reading database ... 20%(Reading database ... 25%(Reading database ... 30%(Reading database ... 35%(Reading database ... 40%(Reading database ... 45%(Reading database ... 50%(Reading database ... 55%(Reading database ... 60%(Reading database ... 65%(Reading database ... 70%(Reading database ... 75%(Reading database ... 80%(Reading database ... 85%(Reading database ... 90%(Reading database ... 95%(Reading database ... 100%(Reading database ... 7030 files and directories currently installed.)
#11 53.70 Preparing to unpack .../000-systemd-sysv_252.39-1~deb12u2_amd64.deb ...
#11 53.71 Unpacking systemd-sysv (252.39-1~deb12u2) ...
#11 53.80 Selecting previously unselected package libdbus-1-3:amd64.
#11 53.80 Preparing to unpack .../001-libdbus-1-3_1.14.10-1~deb12u1_amd64.deb ...
#11 53.80 Unpacking libdbus-1-3:amd64 (1.14.10-1~deb12u1) ...
#11 53.90 Selecting previously unselected package dbus-bin.
#11 53.90 Preparing to unpack .../002-dbus-bin_1.14.10-1~deb12u1_amd64.deb ...
#11 53.90 Unpacking dbus-bin (1.14.10-1~deb12u1) ...
#11 53.99 Selecting previously unselected package dbus-session-bus-common.
#11 53.99 Preparing to unpack .../003-dbus-session-bus-common_1.14.10-1~deb12u1_all.deb ...
#11 53.99 Unpacking dbus-session-bus-common (1.14.10-1~deb12u1) ...
#11 54.08 Selecting previously unselected package libexpat1:amd64.
#11 54.09 Preparing to unpack .../004-libexpat1_2.5.0-1+deb12u4_amd64.deb ...
#11 54.09 Unpacking libexpat1:amd64 (2.5.0-1+deb12u4) ...
#11 54.18 Selecting previously unselected package dbus-daemon.
#11 54.18 Preparing to unpack .../005-dbus-daemon_1.14.10-1~deb12u1_amd64.deb ...
#11 54.18 Unpacking dbus-daemon (1.14.10-1~deb12u1) ...
#11 54.28 Selecting previously unselected package dbus-system-bus-common.
#11 54.28 Preparing to unpack .../006-dbus-system-bus-common_1.14.10-1~deb12u1_all.deb ...
#11 54.28 Unpacking dbus-system-bus-common (1.14.10-1~deb12u1) ...
#11 54.37 Selecting previously unselected package dbus.
#11 54.37 Preparing to unpack .../007-dbus_1.14.10-1~deb12u1_amd64.deb ...
#11 54.39 Unpacking dbus (1.14.10-1~deb12u1) ...
#11 54.48 Selecting previously unselected package perl-modules-5.36.
#11 54.48 Preparing to unpack .../008-perl-modules-5.36_5.36.0-7+deb12u4_all.deb ...
#11 54.48 Unpacking perl-modules-5.36 (5.36.0-7+deb12u4) ...
#11 54.74 Selecting previously unselected package libgdbm6:amd64.
#11 54.74 Preparing to unpack .../009-libgdbm6_1.23-3_amd64.deb ...
#11 54.74 Unpacking libgdbm6:amd64 (1.23-3) ...
#11 54.83 Selecting previously unselected package libgdbm-compat4:amd64.
#11 54.83 Preparing to unpack .../010-libgdbm-compat4_1.23-3_amd64.deb ...
#11 54.83 Unpacking libgdbm-compat4:amd64 (1.23-3) ...
#11 54.92 Selecting previously unselected package libperl5.36:amd64.
#11 54.92 Preparing to unpack .../011-libperl5.36_5.36.0-7+deb12u4_amd64.deb ...
#11 54.92 Unpacking libperl5.36:amd64 (5.36.0-7+deb12u4) ...
#11 55.25 Selecting previously unselected package perl.
#11 55.25 Preparing to unpack .../012-perl_5.36.0-7+deb12u4_amd64.deb ...
#11 55.31 Unpacking perl (5.36.0-7+deb12u4) ...
#11 55.41 Selecting previously unselected package openssl.
#11 55.41 Preparing to unpack .../013-openssl_3.0.22-1~deb12u1_amd64.deb ...
#11 55.42 Unpacking openssl (3.0.22-1~deb12u1) ...
#11 55.57 Selecting previously unselected package ca-certificates.
#11 55.57 Preparing to unpack .../014-ca-certificates_20250419~deb12u1_all.deb ...
#11 55.57 Unpacking ca-certificates (20250419~deb12u1) ...
#11 55.67 Selecting previously unselected package fonts-liberation.
#11 55.67 Preparing to unpack .../015-fonts-liberation_1%3a1.07.4-11_all.deb ...
#11 55.67 Unpacking fonts-liberation (1:1.07.4-11) ...
#11 55.81 Selecting previously unselected package libasound2-data.
#11 55.81 Preparing to unpack .../016-libasound2-data_1.2.8-1_all.deb ...
#11 55.81 Unpacking libasound2-data (1.2.8-1) ...
#11 55.90 Selecting previously unselected package libasound2:amd64.
#11 55.90 Preparing to unpack .../017-libasound2_1.2.8-1+b1_amd64.deb ...
#11 55.90 Unpacking libasound2:amd64 (1.2.8-1+b1) ...
#11 56.01 Selecting previously unselected package libglib2.0-0:amd64.
#11 56.01 Preparing to unpack .../018-libglib2.0-0_2.74.6-2+deb12u9_amd64.deb ...
#11 56.01 Unpacking libglib2.0-0:amd64 (2.74.6-2+deb12u9) ...
#11 56.17 Selecting previously unselected package at-spi2-common.
#11 56.17 Preparing to unpack .../019-at-spi2-common_2.46.0-5_all.deb ...
#11 56.18 Unpacking at-spi2-common (2.46.0-5) ...
#11 56.27 Selecting previously unselected package libatk1.0-0:amd64.
#11 56.27 Preparing to unpack .../020-libatk1.0-0_2.46.0-5_amd64.deb ...
#11 56.27 Unpacking libatk1.0-0:amd64 (2.46.0-5) ...
#11 56.36 Selecting previously unselected package libxau6:amd64.
#11 56.36 Preparing to unpack .../021-libxau6_1%3a1.0.9-1_amd64.deb ...
#11 56.36 Unpacking libxau6:amd64 (1:1.0.9-1) ...
#11 56.45 Selecting previously unselected package libbsd0:amd64.
#11 56.45 Preparing to unpack .../022-libbsd0_0.11.7-2_amd64.deb ...
#11 56.45 Unpacking libbsd0:amd64 (0.11.7-2) ...
#11 56.54 Selecting previously unselected package libxdmcp6:amd64.
#11 56.54 Preparing to unpack .../023-libxdmcp6_1%3a1.1.2-3_amd64.deb ...
#11 56.54 Unpacking libxdmcp6:amd64 (1:1.1.2-3) ...
#11 56.63 Selecting previously unselected package libxcb1:amd64.
#11 56.63 Preparing to unpack .../024-libxcb1_1.15-1_amd64.deb ...
#11 56.63 Unpacking libxcb1:amd64 (1.15-1) ...
#11 56.72 Selecting previously unselected package libx11-data.
#11 56.72 Preparing to unpack .../025-libx11-data_2%3a1.8.4-2+deb12u2_all.deb ...
#11 56.72 Unpacking libx11-data (2:1.8.4-2+deb12u2) ...
#11 56.83 Selecting previously unselected package libx11-6:amd64.
#11 56.83 Preparing to unpack .../026-libx11-6_2%3a1.8.4-2+deb12u2_amd64.deb ...
#11 56.83 Unpacking libx11-6:amd64 (2:1.8.4-2+deb12u2) ...
#11 56.95 Selecting previously unselected package libxext6:amd64.
#11 56.95 Preparing to unpack .../027-libxext6_2%3a1.3.4-1+b1_amd64.deb ...
#11 56.95 Unpacking libxext6:amd64 (2:1.3.4-1+b1) ...
#11 57.04 Selecting previously unselected package libxi6:amd64.
#11 57.04 Preparing to unpack .../028-libxi6_2%3a1.8-1+b1_amd64.deb ...
#11 57.04 Unpacking libxi6:amd64 (2:1.8-1+b1) ...
#11 57.13 Selecting previously unselected package libatspi2.0-0:amd64.
#11 57.13 Preparing to unpack .../029-libatspi2.0-0_2.46.0-5_amd64.deb ...
#11 57.13 Unpacking libatspi2.0-0:amd64 (2.46.0-5) ...
#11 57.23 Selecting previously unselected package libatk-bridge2.0-0:amd64.
#11 57.23 Preparing to unpack .../030-libatk-bridge2.0-0_2.46.0-5_amd64.deb ...
#11 57.23 Unpacking libatk-bridge2.0-0:amd64 (2.46.0-5) ...
#11 57.32 Selecting previously unselected package libbrotli1:amd64.
#11 57.32 Preparing to unpack .../031-libbrotli1_1.0.9-2+b6_amd64.deb ...
#11 57.32 Unpacking libbrotli1:amd64 (1.0.9-2+b6) ...
#11 57.42 Selecting previously unselected package libpng16-16:amd64.
#11 57.43 Preparing to unpack .../032-libpng16-16_1.6.39-2+deb12u6_amd64.deb ...
#11 57.43 Unpacking libpng16-16:amd64 (1.6.39-2+deb12u6) ...
#11 57.52 Selecting previously unselected package libfreetype6:amd64.
#11 57.53 Preparing to unpack .../033-libfreetype6_2.12.1+dfsg-5+deb12u4_amd64.deb ...
#11 57.53 Unpacking libfreetype6:amd64 (2.12.1+dfsg-5+deb12u4) ...
#11 57.64 Selecting previously unselected package libfontenc1:amd64.
#11 57.64 Preparing to unpack .../034-libfontenc1_1%3a1.1.4-1_amd64.deb ...
#11 57.64 Unpacking libfontenc1:amd64 (1:1.1.4-1) ...
#11 57.73 Selecting previously unselected package x11-common.
#11 57.73 Preparing to unpack .../035-x11-common_1%3a7.7+23_all.deb ...
#11 57.73 Unpacking x11-common (1:7.7+23) ...
#11 57.86 Selecting previously unselected package xfonts-encodings.
#11 57.86 Preparing to unpack .../036-xfonts-encodings_1%3a1.0.4-2.2_all.deb ...
#11 57.86 Unpacking xfonts-encodings (1:1.0.4-2.2) ...
#11 57.98 Selecting previously unselected package xfonts-utils.
#11 57.98 Preparing to unpack .../037-xfonts-utils_1%3a7.7+6_amd64.deb ...
#11 57.98 Unpacking xfonts-utils (1:7.7+6) ...
#11 58.07 Selecting previously unselected package fonts-urw-base35.
#11 58.07 Preparing to unpack .../038-fonts-urw-base35_20200910-7_all.deb ...
#11 58.87 Unpacking fonts-urw-base35 (20200910-7) ...
#11 59.29 Selecting previously unselected package fontconfig-config.
#11 59.29 Preparing to unpack .../039-fontconfig-config_2.14.1-4_amd64.deb ...
#11 60.61 Unpacking fontconfig-config (2.14.1-4) ...
#11 60.70 Selecting previously unselected package libfontconfig1:amd64.
#11 60.71 Preparing to unpack .../040-libfontconfig1_2.14.1-4_amd64.deb ...
#11 60.71 Unpacking libfontconfig1:amd64 (2.14.1-4) ...
#11 60.80 Selecting previously unselected package libpixman-1-0:amd64.
#11 60.80 Preparing to unpack .../041-libpixman-1-0_0.42.2-1_amd64.deb ...
#11 60.80 Unpacking libpixman-1-0:amd64 (0.42.2-1) ...
#11 60.91 Selecting previously unselected package libxcb-render0:amd64.
#11 60.91 Preparing to unpack .../042-libxcb-render0_1.15-1_amd64.deb ...
#11 60.91 Unpacking libxcb-render0:amd64 (1.15-1) ...
#11 61.01 Selecting previously unselected package libxcb-shm0:amd64.
#11 61.01 Preparing to unpack .../043-libxcb-shm0_1.15-1_amd64.deb ...
#11 61.01 Unpacking libxcb-shm0:amd64 (1.15-1) ...
#11 61.10 Selecting previously unselected package libxrender1:amd64.
#11 61.10 Preparing to unpack .../044-libxrender1_1%3a0.9.10-1.1_amd64.deb ...
#11 61.10 Unpacking libxrender1:amd64 (1:0.9.10-1.1) ...
#11 61.19 Selecting previously unselected package libcairo2:amd64.
#11 61.19 Preparing to unpack .../045-libcairo2_1.16.0-7_amd64.deb ...
#11 61.20 Unpacking libcairo2:amd64 (1.16.0-7) ...
#11 61.31 Selecting previously unselected package libavahi-common-data:amd64.
#11 61.31 Preparing to unpack .../046-libavahi-common-data_0.8-10+deb12u1_amd64.deb ...
#11 61.31 Unpacking libavahi-common-data:amd64 (0.8-10+deb12u1) ...
#11 61.40 Selecting previously unselected package libavahi-common3:amd64.
#11 61.40 Preparing to unpack .../047-libavahi-common3_0.8-10+deb12u1_amd64.deb ...
#11 61.40 Unpacking libavahi-common3:amd64 (0.8-10+deb12u1) ...
#11 61.49 Selecting previously unselected package libavahi-client3:amd64.
#11 61.50 Preparing to unpack .../048-libavahi-client3_0.8-10+deb12u1_amd64.deb ...
#11 61.50 Unpacking libavahi-client3:amd64 (0.8-10+deb12u1) ...
#11 61.59 Selecting previously unselected package libkrb5support0:amd64.
#11 61.59 Preparing to unpack .../049-libkrb5support0_1.20.1-2+deb12u5_amd64.deb ...
#11 61.59 Unpacking libkrb5support0:amd64 (1.20.1-2+deb12u5) ...
#11 61.68 Selecting previously unselected package libk5crypto3:amd64.
#11 61.68 Preparing to unpack .../050-libk5crypto3_1.20.1-2+deb12u5_amd64.deb ...
#11 61.68 Unpacking libk5crypto3:amd64 (1.20.1-2+deb12u5) ...
#11 61.77 Selecting previously unselected package libkeyutils1:amd64.
#11 61.77 Preparing to unpack .../051-libkeyutils1_1.6.3-2_amd64.deb ...
#11 61.78 Unpacking libkeyutils1:amd64 (1.6.3-2) ...
#11 61.86 Selecting previously unselected package libkrb5-3:amd64.
#11 61.86 Preparing to unpack .../052-libkrb5-3_1.20.1-2+deb12u5_amd64.deb ...
#11 61.87 Unpacking libkrb5-3:amd64 (1.20.1-2+deb12u5) ...
#11 61.97 Selecting previously unselected package libgssapi-krb5-2:amd64.
#11 61.97 Preparing to unpack .../053-libgssapi-krb5-2_1.20.1-2+deb12u5_amd64.deb ...
#11 61.98 Unpacking libgssapi-krb5-2:amd64 (1.20.1-2+deb12u5) ...
#11 62.07 Selecting previously unselected package libcups2:amd64.
#11 62.07 Preparing to unpack .../054-libcups2_2.4.2-3+deb12u9_amd64.deb ...
#11 62.07 Unpacking libcups2:amd64 (2.4.2-3+deb12u9) ...
#11 62.17 Selecting previously unselected package libsasl2-modules-db:amd64.
#11 62.17 Preparing to unpack .../055-libsasl2-modules-db_2.1.28+dfsg-10_amd64.deb ...
#11 62.17 Unpacking libsasl2-modules-db:amd64 (2.1.28+dfsg-10) ...
#11 62.26 Selecting previously unselected package libsasl2-2:amd64.
#11 62.26 Preparing to unpack .../056-libsasl2-2_2.1.28+dfsg-10_amd64.deb ...
#11 62.26 Unpacking libsasl2-2:amd64 (2.1.28+dfsg-10) ...
#11 62.35 Selecting previously unselected package libldap-2.5-0:amd64.
#11 62.35 Preparing to unpack .../057-libldap-2.5-0_2.5.13+dfsg-5_amd64.deb ...
#11 62.36 Unpacking libldap-2.5-0:amd64 (2.5.13+dfsg-5) ...
#11 62.45 Selecting previously unselected package libnghttp2-14:amd64.
#11 62.45 Preparing to unpack .../058-libnghttp2-14_1.52.0-1+deb12u3_amd64.deb ...
#11 62.46 Unpacking libnghttp2-14:amd64 (1.52.0-1+deb12u3) ...
#11 62.55 Selecting previously unselected package libpsl5:amd64.
#11 62.55 Preparing to unpack .../059-libpsl5_0.21.2-1_amd64.deb ...
#11 62.55 Unpacking libpsl5:amd64 (0.21.2-1) ...
#11 62.64 Selecting previously unselected package librtmp1:amd64.
#11 62.64 Preparing to unpack .../060-librtmp1_2.4+20151223.gitfa8646d.1-2+b2_amd64.deb ...
#11 62.64 Unpacking librtmp1:amd64 (2.4+20151223.gitfa8646d.1-2+b2) ...
#11 62.74 Selecting previously unselected package libssh2-1:amd64.
#11 62.74 Preparing to unpack .../061-libssh2-1_1.10.0-3+deb12u1_amd64.deb ...
#11 62.74 Unpacking libssh2-1:amd64 (1.10.0-3+deb12u1) ...
#11 62.83 Selecting previously unselected package libcurl3-gnutls:amd64.
#11 62.83 Preparing to unpack .../062-libcurl3-gnutls_7.88.1-10+deb12u15_amd64.deb ...
#11 62.84 Unpacking libcurl3-gnutls:amd64 (7.88.1-10+deb12u15) ...
#11 62.94 Selecting previously unselected package libdrm-common.
#11 62.94 Preparing to unpack .../063-libdrm-common_2.4.114-1_all.deb ...
#11 62.94 Unpacking libdrm-common (2.4.114-1) ...
#11 63.03 Selecting previously unselected package libdrm2:amd64.
#11 63.03 Preparing to unpack .../064-libdrm2_2.4.114-1+b1_amd64.deb ...
#11 63.03 Unpacking libdrm2:amd64 (2.4.114-1+b1) ...
#11 63.12 Selecting previously unselected package libwayland-server0:amd64.
#11 63.12 Preparing to unpack .../065-libwayland-server0_1.21.0-1_amd64.deb ...
#11 63.12 Unpacking libwayland-server0:amd64 (1.21.0-1) ...
#11 63.21 Selecting previously unselected package libgbm1:amd64.
#11 63.21 Preparing to unpack .../066-libgbm1_22.3.6-1+deb12u2_amd64.deb ...
#11 63.22 Unpacking libgbm1:amd64 (22.3.6-1+deb12u2) ...
#11 63.31 Selecting previously unselected package hicolor-icon-theme.
#11 63.31 Preparing to unpack .../067-hicolor-icon-theme_0.17-2_all.deb ...
#11 63.31 Unpacking hicolor-icon-theme (0.17-2) ...
#11 63.42 Selecting previously unselected package libgdk-pixbuf2.0-common.
#11 63.42 Preparing to unpack .../068-libgdk-pixbuf2.0-common_2.42.10+dfsg-1+deb12u4_all.deb ...
#11 63.42 Unpacking libgdk-pixbuf2.0-common (2.42.10+dfsg-1+deb12u4) ...
#11 63.53 Selecting previously unselected package libicu72:amd64.
#11 63.53 Preparing to unpack .../069-libicu72_72.1-3+deb12u1_amd64.deb ...
#11 63.53 Unpacking libicu72:amd64 (72.1-3+deb12u1) ...
#11 64.00 Selecting previously unselected package libxml2:amd64.
#11 64.00 Preparing to unpack .../070-libxml2_2.9.14+dfsg-1.3~deb12u6_amd64.deb ...
#11 64.00 Unpacking libxml2:amd64 (2.9.14+dfsg-1.3~deb12u6) ...
#11 64.12 Selecting previously unselected package shared-mime-info.
#11 64.12 Preparing to unpack .../071-shared-mime-info_2.2-1_amd64.deb ...
#11 64.13 Unpacking shared-mime-info (2.2-1) ...
#11 64.26 Selecting previously unselected package libjpeg62-turbo:amd64.
#11 64.26 Preparing to unpack .../072-libjpeg62-turbo_1%3a2.1.5-2_amd64.deb ...
#11 64.26 Unpacking libjpeg62-turbo:amd64 (1:2.1.5-2) ...
#11 64.35 Selecting previously unselected package libdeflate0:amd64.
#11 64.36 Preparing to unpack .../073-libdeflate0_1.14-1_amd64.deb ...
#11 64.36 Unpacking libdeflate0:amd64 (1.14-1) ...
#11 64.45 Selecting previously unselected package libjbig0:amd64.
#11 64.45 Preparing to unpack .../074-libjbig0_2.1-6.1_amd64.deb ...
#11 64.45 Unpacking libjbig0:amd64 (2.1-6.1) ...
#11 64.54 Selecting previously unselected package liblerc4:amd64.
#11 64.54 Preparing to unpack .../075-liblerc4_4.0.0+ds-2_amd64.deb ...
#11 64.54 Unpacking liblerc4:amd64 (4.0.0+ds-2) ...
#11 64.64 Selecting previously unselected package libwebp7:amd64.
#11 64.64 Preparing to unpack .../076-libwebp7_1.2.4-0.2+deb12u1_amd64.deb ...
#11 64.64 Unpacking libwebp7:amd64 (1.2.4-0.2+deb12u1) ...
#11 64.74 Selecting previously unselected package libtiff6:amd64.
#11 64.75 Preparing to unpack .../077-libtiff6_4.5.0-6+deb12u4_amd64.deb ...
#11 64.75 Unpacking libtiff6:amd64 (4.5.0-6+deb12u4) ...
#11 64.85 Selecting previously unselected package libgdk-pixbuf-2.0-0:amd64.
#11 64.85 Preparing to unpack .../078-libgdk-pixbuf-2.0-0_2.42.10+dfsg-1+deb12u4_amd64.deb ...
#11 64.85 Unpacking libgdk-pixbuf-2.0-0:amd64 (2.42.10+dfsg-1+deb12u4) ...
#11 64.94 Selecting previously unselected package gtk-update-icon-cache.
#11 64.95 Preparing to unpack .../079-gtk-update-icon-cache_3.24.38-2~deb12u3_amd64.deb ...
#11 64.95 Unpacking gtk-update-icon-cache (3.24.38-2~deb12u3) ...
#11 65.03 Selecting previously unselected package adwaita-icon-theme.
#11 65.04 Preparing to unpack .../080-adwaita-icon-theme_43-1_all.deb ...
#11 65.04 Unpacking adwaita-icon-theme (43-1) ...
#11 65.46 Selecting previously unselected package libcairo-gobject2:amd64.
#11 65.46 Preparing to unpack .../081-libcairo-gobject2_1.16.0-7_amd64.deb ...
#11 65.46 Unpacking libcairo-gobject2:amd64 (1.16.0-7) ...
#11 65.55 Selecting previously unselected package liblcms2-2:amd64.
#11 65.55 Preparing to unpack .../082-liblcms2-2_2.14-2+deb12u1_amd64.deb ...
#11 65.56 Unpacking liblcms2-2:amd64 (2.14-2+deb12u1) ...
#11 65.65 Selecting previously unselected package libcolord2:amd64.
#11 65.65 Preparing to unpack .../083-libcolord2_1.4.6-2.2_amd64.deb ...
#11 65.65 Unpacking libcolord2:amd64 (1.4.6-2.2) ...
#11 65.75 Selecting previously unselected package libepoxy0:amd64.
#11 65.75 Preparing to unpack .../084-libepoxy0_1.5.10-1_amd64.deb ...
#11 65.75 Unpacking libepoxy0:amd64 (1.5.10-1) ...
#11 65.85 Selecting previously unselected package libfribidi0:amd64.
#11 65.85 Preparing to unpack .../085-libfribidi0_1.0.8-2.1_amd64.deb ...
#11 65.85 Unpacking libfribidi0:amd64 (1.0.8-2.1) ...
#11 65.94 Selecting previously unselected package libgraphite2-3:amd64.
#11 65.94 Preparing to unpack .../086-libgraphite2-3_1.3.14-1+deb12u1_amd64.deb ...
#11 65.94 Unpacking libgraphite2-3:amd64 (1.3.14-1+deb12u1) ...
#11 66.03 Selecting previously unselected package libharfbuzz0b:amd64.
#11 66.04 Preparing to unpack .../087-libharfbuzz0b_6.0.0+dfsg-3_amd64.deb ...
#11 66.04 Unpacking libharfbuzz0b:amd64 (6.0.0+dfsg-3) ...
#11 66.16 Selecting previously unselected package fontconfig.
#11 66.16 Preparing to unpack .../088-fontconfig_2.14.1-4_amd64.deb ...
#11 66.16 Unpacking fontconfig (2.14.1-4) ...
#11 66.25 Selecting previously unselected package libthai-data.
#11 66.25 Preparing to unpack .../089-libthai-data_0.1.29-1_all.deb ...
#11 66.25 Unpacking libthai-data (0.1.29-1) ...
#11 66.36 Selecting previously unselected package libdatrie1:amd64.
#11 66.36 Preparing to unpack .../090-libdatrie1_0.2.13-2+b1_amd64.deb ...
#11 66.36 Unpacking libdatrie1:amd64 (0.2.13-2+b1) ...
#11 66.45 Selecting previously unselected package libthai0:amd64.
#11 66.45 Preparing to unpack .../091-libthai0_0.1.29-1_amd64.deb ...
#11 66.45 Unpacking libthai0:amd64 (0.1.29-1) ...
#11 66.54 Selecting previously unselected package libpango-1.0-0:amd64.
#11 66.54 Preparing to unpack .../092-libpango-1.0-0_1.50.12+ds-1_amd64.deb ...
#11 66.54 Unpacking libpango-1.0-0:amd64 (1.50.12+ds-1) ...
#11 66.64 Selecting previously unselected package libpangoft2-1.0-0:amd64.
#11 66.64 Preparing to unpack .../093-libpangoft2-1.0-0_1.50.12+ds-1_amd64.deb ...
#11 66.65 Unpacking libpangoft2-1.0-0:amd64 (1.50.12+ds-1) ...
#11 66.73 Selecting previously unselected package libpangocairo-1.0-0:amd64.
#11 66.73 Preparing to unpack .../094-libpangocairo-1.0-0_1.50.12+ds-1_amd64.deb ...
#11 66.73 Unpacking libpangocairo-1.0-0:amd64 (1.50.12+ds-1) ...
#11 66.82 Selecting previously unselected package libwayland-client0:amd64.
#11 66.82 Preparing to unpack .../095-libwayland-client0_1.21.0-1_amd64.deb ...
#11 66.82 Unpacking libwayland-client0:amd64 (1.21.0-1) ...
#11 66.91 Selecting previously unselected package libwayland-cursor0:amd64.
#11 66.91 Preparing to unpack .../096-libwayland-cursor0_1.21.0-1_amd64.deb ...
#11 66.91 Unpacking libwayland-cursor0:amd64 (1.21.0-1) ...
#11 67.00 Selecting previously unselected package libwayland-egl1:amd64.
#11 67.00 Preparing to unpack .../097-libwayland-egl1_1.21.0-1_amd64.deb ...
#11 67.01 Unpacking libwayland-egl1:amd64 (1.21.0-1) ...
#11 67.09 Selecting previously unselected package libxcomposite1:amd64.
#11 67.09 Preparing to unpack .../098-libxcomposite1_1%3a0.4.5-1_amd64.deb ...
#11 67.09 Unpacking libxcomposite1:amd64 (1:0.4.5-1) ...
#11 67.18 Selecting previously unselected package libxfixes3:amd64.
#11 67.19 Preparing to unpack .../099-libxfixes3_1%3a6.0.0-2_amd64.deb ...
#11 67.19 Unpacking libxfixes3:amd64 (1:6.0.0-2) ...
#11 67.28 Selecting previously unselected package libxcursor1:amd64.
#11 67.28 Preparing to unpack .../100-libxcursor1_1%3a1.2.1-1_amd64.deb ...
#11 67.28 Unpacking libxcursor1:amd64 (1:1.2.1-1) ...
#11 67.37 Selecting previously unselected package libxdamage1:amd64.
#11 67.37 Preparing to unpack .../101-libxdamage1_1%3a1.1.6-1_amd64.deb ...
#11 67.37 Unpacking libxdamage1:amd64 (1:1.1.6-1) ...
#11 67.46 Selecting previously unselected package libxinerama1:amd64.
#11 67.46 Preparing to unpack .../102-libxinerama1_2%3a1.1.4-3_amd64.deb ...
#11 67.46 Unpacking libxinerama1:amd64 (2:1.1.4-3) ...
#11 67.55 Selecting previously unselected package xkb-data.
#11 67.55 Preparing to unpack .../103-xkb-data_2.35.1-1_all.deb ...
#11 67.55 Unpacking xkb-data (2.35.1-1) ...
#11 67.68 Selecting previously unselected package libxkbcommon0:amd64.
#11 67.69 Preparing to unpack .../104-libxkbcommon0_1.5.0-1_amd64.deb ...
#11 67.69 Unpacking libxkbcommon0:amd64 (1.5.0-1) ...
#11 67.78 Selecting previously unselected package libxrandr2:amd64.
#11 67.78 Preparing to unpack .../105-libxrandr2_2%3a1.5.2-2+b1_amd64.deb ...
#11 67.78 Unpacking libxrandr2:amd64 (2:1.5.2-2+b1) ...
#11 67.87 Selecting previously unselected package libpam-systemd:amd64.
#11 67.87 Preparing to unpack .../106-libpam-systemd_252.39-1~deb12u2_amd64.deb ...
#11 67.87 Unpacking libpam-systemd:amd64 (252.39-1~deb12u2) ...
#11 67.97 Selecting previously unselected package dbus-user-session.
#11 67.97 Preparing to unpack .../107-dbus-user-session_1.14.10-1~deb12u1_amd64.deb ...
#11 67.98 Unpacking dbus-user-session (1.14.10-1~deb12u1) ...
#11 68.07 Selecting previously unselected package libdconf1:amd64.
#11 68.07 Preparing to unpack .../108-libdconf1_0.40.0-4_amd64.deb ...
#11 68.07 Unpacking libdconf1:amd64 (0.40.0-4) ...
#11 68.16 Selecting previously unselected package libncursesw6:amd64.
#11 68.16 Preparing to unpack .../109-libncursesw6_6.4-4_amd64.deb ...
#11 68.16 Unpacking libncursesw6:amd64 (6.4-4) ...
#11 68.25 Selecting previously unselected package libproc2-0:amd64.
#11 68.26 Preparing to unpack .../110-libproc2-0_2%3a4.0.2-3_amd64.deb ...
#11 68.26 Unpacking libproc2-0:amd64 (2:4.0.2-3) ...
#11 68.35 Selecting previously unselected package procps.
#11 68.35 Preparing to unpack .../111-procps_2%3a4.0.2-3_amd64.deb ...
#11 68.45 Unpacking procps (2:4.0.2-3) ...
#11 68.57 Selecting previously unselected package dconf-service.
#11 68.57 Preparing to unpack .../112-dconf-service_0.40.0-4_amd64.deb ...
#11 68.58 Unpacking dconf-service (0.40.0-4) ...
#11 68.66 Selecting previously unselected package dconf-gsettings-backend:amd64.
#11 68.66 Preparing to unpack .../113-dconf-gsettings-backend_0.40.0-4_amd64.deb ...
#11 68.67 Unpacking dconf-gsettings-backend:amd64 (0.40.0-4) ...
#11 68.75 Selecting previously unselected package libgtk-3-common.
#11 68.75 Preparing to unpack .../114-libgtk-3-common_3.24.38-2~deb12u3_all.deb ...
#11 68.76 Unpacking libgtk-3-common (3.24.38-2~deb12u3) ...
#11 69.06 Selecting previously unselected package libgtk-3-0:amd64.
#11 69.06 Preparing to unpack .../115-libgtk-3-0_3.24.38-2~deb12u3_amd64.deb ...
#11 69.06 Unpacking libgtk-3-0:amd64 (3.24.38-2~deb12u3) ...
#11 69.30 Selecting previously unselected package libnspr4:amd64.
#11 69.30 Preparing to unpack .../116-libnspr4_2%3a4.35-1_amd64.deb ...
#11 69.31 Unpacking libnspr4:amd64 (2:4.35-1) ...
#11 69.40 Selecting previously unselected package libsqlite3-0:amd64.
#11 69.40 Preparing to unpack .../117-libsqlite3-0_3.40.1-2+deb12u2_amd64.deb ...
#11 69.40 Unpacking libsqlite3-0:amd64 (3.40.1-2+deb12u2) ...
#11 69.52 Selecting previously unselected package libnss3:amd64.
#11 69.52 Preparing to unpack .../118-libnss3_2%3a3.87.1-1+deb12u4_amd64.deb ...
#11 69.52 Unpacking libnss3:amd64 (2:3.87.1-1+deb12u4) ...
#11 69.68 Selecting previously unselected package libvulkan1:amd64.
#11 69.68 Preparing to unpack .../119-libvulkan1_1.3.239.0-1_amd64.deb ...
#11 69.68 Unpacking libvulkan1:amd64 (1.3.239.0-1) ...
#11 69.77 Selecting previously unselected package wget.
#11 69.77 Preparing to unpack .../120-wget_1.21.3-1+deb12u1_amd64.deb ...
#11 69.78 Unpacking wget (1.21.3-1+deb12u1) ...
#11 69.90 Selecting previously unselected package xdg-utils.
#11 69.90 Preparing to unpack .../121-xdg-utils_1.1.3-4.1_all.deb ...
#11 69.91 Unpacking xdg-utils (1.1.3-4.1) ...
#11 69.99 Selecting previously unselected package google-chrome-stable.
#11 70.00 Preparing to unpack .../122-google-chrome-stable_154.0.8037.97-1_amd64.deb ...
#11 70.00 Unpacking google-chrome-stable (154.0.8037.97-1) ...
#11 76.76 Selecting previously unselected package microsoft-edge-stable.
#11 76.76 Preparing to unpack .../123-microsoft-edge-stable_154.0.4258.62-1_amd64.deb ...
#11 76.76 Unpacking microsoft-edge-stable (154.0.4258.62-1) ...
#11 86.17 Selecting previously unselected package poppler-data.
#11 86.17 Preparing to unpack .../124-poppler-data_0.4.12-1_all.deb ...
#11 86.17 Unpacking poppler-data (0.4.12-1) ...
#11 86.38 Selecting previously unselected package libpython3.11-minimal:amd64.
#11 86.38 Preparing to unpack .../125-libpython3.11-minimal_3.11.2-6+deb12u8_amd64.deb ...
#11 86.38 Unpacking libpython3.11-minimal:amd64 (3.11.2-6+deb12u8) ...
#11 86.51 Selecting previously unselected package python3.11-minimal.
#11 86.51 Preparing to unpack .../126-python3.11-minimal_3.11.2-6+deb12u8_amd64.deb ...
#11 86.55 Unpacking python3.11-minimal (3.11.2-6+deb12u8) ...
#11 86.73 Setting up libpython3.11-minimal:amd64 (3.11.2-6+deb12u8) ...
#11 86.76 Setting up libexpat1:amd64 (2.5.0-1+deb12u4) ...
#11 86.76 Setting up python3.11-minimal (3.11.2-6+deb12u8) ...
#11 87.55 Selecting previously unselected package python3-minimal.
#11 87.55 (Reading database ... (Reading database ... 5%(Reading database ... 10%(Reading database ... 15%(Reading database ... 20%(Reading database ... 25%(Reading database ... 30%(Reading database ... 35%(Reading database ... 40%(Reading database ... 45%(Reading database ... 50%(Reading database ... 55%(Reading database ... 60%(Reading database ... 65%(Reading database ... 70%(Reading database ... 75%(Reading database ... 80%(Reading database ... 85%(Reading database ... 90%(Reading database ... 95%(Reading database ... 100%(Reading database ... 20054 files and directories currently installed.)
#11 87.56 Preparing to unpack .../00-python3-minimal_3.11.2-1+b1_amd64.deb ...
#11 87.57 Unpacking python3-minimal (3.11.2-1+b1) ...
#11 87.66 Selecting previously unselected package media-types.
#11 87.66 Preparing to unpack .../01-media-types_10.0.0_all.deb ...
#11 87.66 Unpacking media-types (10.0.0) ...
#11 87.75 Selecting previously unselected package mailcap.
#11 87.75 Preparing to unpack .../02-mailcap_3.70+nmu1_all.deb ...
#11 87.75 Unpacking mailcap (3.70+nmu1) ...
#11 87.83 Selecting previously unselected package mime-support.
#11 87.84 Preparing to unpack .../03-mime-support_3.66_all.deb ...
#11 87.84 Unpacking mime-support (3.66) ...
#11 87.92 Selecting previously unselected package libtirpc-common.
#11 87.92 Preparing to unpack .../04-libtirpc-common_1.3.3+ds-1_all.deb ...
#11 87.93 Unpacking libtirpc-common (1.3.3+ds-1) ...
#11 88.01 Selecting previously unselected package libtirpc3:amd64.
#11 88.02 Preparing to unpack .../05-libtirpc3_1.3.3+ds-1_amd64.deb ...
#11 88.02 Unpacking libtirpc3:amd64 (1.3.3+ds-1) ...
#11 88.11 Selecting previously unselected package libnsl2:amd64.
#11 88.11 Preparing to unpack .../06-libnsl2_1.3.0-2_amd64.deb ...
#11 88.11 Unpacking libnsl2:amd64 (1.3.0-2) ...
#11 88.20 Selecting previously unselected package readline-common.
#11 88.20 Preparing to unpack .../07-readline-common_8.2-1.3_all.deb ...
#11 88.20 Unpacking readline-common (8.2-1.3) ...
#11 88.29 Selecting previously unselected package libreadline8:amd64.
#11 88.29 Preparing to unpack .../08-libreadline8_8.2-1.3_amd64.deb ...
#11 88.29 Unpacking libreadline8:amd64 (8.2-1.3) ...
#11 88.38 Selecting previously unselected package libpython3.11-stdlib:amd64.
#11 88.39 Preparing to unpack .../09-libpython3.11-stdlib_3.11.2-6+deb12u8_amd64.deb ...
#11 88.39 Unpacking libpython3.11-stdlib:amd64 (3.11.2-6+deb12u8) ...
#11 88.57 Selecting previously unselected package python3.11.
#11 88.57 Preparing to unpack .../10-python3.11_3.11.2-6+deb12u8_amd64.deb ...
#11 88.57 Unpacking python3.11 (3.11.2-6+deb12u8) ...
#11 88.66 Selecting previously unselected package libpython3-stdlib:amd64.
#11 88.66 Preparing to unpack .../11-libpython3-stdlib_3.11.2-1+b1_amd64.deb ...
#11 88.67 Unpacking libpython3-stdlib:amd64 (3.11.2-1+b1) ...
#11 88.73 Setting up python3-minimal (3.11.2-1+b1) ...
#11 89.25 Selecting previously unselected package python3.
#11 89.25 (Reading database ... (Reading database ... 5%(Reading database ... 10%(Reading database ... 15%(Reading database ... 20%(Reading database ... 25%(Reading database ... 30%(Reading database ... 35%(Reading database ... 40%(Reading database ... 45%(Reading database ... 50%(Reading database ... 55%(Reading database ... 60%(Reading database ... 65%(Reading database ... 70%(Reading database ... 75%(Reading database ... 80%(Reading database ... 85%(Reading database ... 90%(Reading database ... 95%(Reading database ... 100%(Reading database ... 20531 files and directories currently installed.)
#11 89.26 Preparing to unpack .../000-python3_3.11.2-1+b1_amd64.deb ...
#11 89.30 Unpacking python3 (3.11.2-1+b1) ...
#11 89.39 Selecting previously unselected package sgml-base.
#11 89.39 Preparing to unpack .../001-sgml-base_1.31_all.deb ...
#11 89.42 Unpacking sgml-base (1.31) ...
#11 89.50 Selecting previously unselected package sensible-utils.
#11 89.51 Preparing to unpack .../002-sensible-utils_0.0.17+nmu1_all.deb ...
#11 89.51 Unpacking sensible-utils (0.0.17+nmu1) ...
#11 89.60 Selecting previously unselected package ucf.
#11 89.60 Preparing to unpack .../003-ucf_3.0043+nmu1+deb12u1_all.deb ...
#11 89.61 Moving old data out of the way
#11 89.63 Unpacking ucf (3.0043+nmu1+deb12u1) ...
#11 89.72 Selecting previously unselected package xml-core.
#11 89.72 Preparing to unpack .../004-xml-core_0.18+nmu1_all.deb ...
#11 89.74 Unpacking xml-core (0.18+nmu1) ...
#11 89.83 Selecting previously unselected package docutils-common.
#11 89.83 Preparing to unpack .../005-docutils-common_0.19+dfsg-6_all.deb ...
#11 89.89 Unpacking docutils-common (0.19+dfsg-6) ...
#11 89.98 Selecting previously unselected package menu.
#11 89.99 Preparing to unpack .../006-menu_2.1.49_amd64.deb ...
#11 89.99 Unpacking menu (2.1.49) ...
#11 90.09 Selecting previously unselected package libgif7:amd64.
#11 90.10 Preparing to unpack .../007-libgif7_5.2.1-2.5+deb12u1_amd64.deb ...
#11 90.10 Unpacking libgif7:amd64 (5.2.1-2.5+deb12u1) ...
#11 90.18 Selecting previously unselected package libaom3:amd64.
#11 90.19 Preparing to unpack .../008-libaom3_3.6.0-1+deb12u3_amd64.deb ...
#11 90.19 Unpacking libaom3:amd64 (3.6.0-1+deb12u3) ...
#11 90.41 Selecting previously unselected package libdav1d6:amd64.
#11 90.41 Preparing to unpack .../009-libdav1d6_1.0.0-2+deb12u1_amd64.deb ...
#11 90.42 Unpacking libdav1d6:amd64 (1.0.0-2+deb12u1) ...
#11 90.53 Selecting previously unselected package libde265-0:amd64.
#11 90.53 Preparing to unpack .../010-libde265-0_1.0.11-1+deb12u3_amd64.deb ...
#11 90.54 Unpacking libde265-0:amd64 (1.0.11-1+deb12u3) ...
#11 90.63 Selecting previously unselected package libnuma1:amd64.
#11 90.63 Preparing to unpack .../011-libnuma1_2.0.16-1_amd64.deb ...
#11 90.64 Unpacking libnuma1:amd64 (2.0.16-1) ...
#11 90.73 Selecting previously unselected package libx265-199:amd64.
#11 90.73 Preparing to unpack .../012-libx265-199_3.5-2+b1_amd64.deb ...
#11 90.74 Unpacking libx265-199:amd64 (3.5-2+b1) ...
#11 90.89 Selecting previously unselected package libheif1:amd64.
#11 90.89 Preparing to unpack .../013-libheif1_1.15.1-1+deb12u1_amd64.deb ...
#11 90.89 Unpacking libheif1:amd64 (1.15.1-1+deb12u1) ...
#11 90.99 Selecting previously unselected package libid3tag0:amd64.
#11 91.00 Preparing to unpack .../014-libid3tag0_0.15.1b-14_amd64.deb ...
#11 91.00 Unpacking libid3tag0:amd64 (0.15.1b-14) ...
#11 91.08 Selecting previously unselected package libhwy1:amd64.
#11 91.09 Preparing to unpack .../015-libhwy1_1.0.3-3+deb12u1_amd64.deb ...
#11 91.09 Unpacking libhwy1:amd64 (1.0.3-3+deb12u1) ...
#11 91.19 Selecting previously unselected package libjxl0.7:amd64.
#11 91.19 Preparing to unpack .../016-libjxl0.7_0.7.0-10+deb12u1_amd64.deb ...
#11 91.19 Unpacking libjxl0.7:amd64 (0.7.0-10+deb12u1) ...
#11 91.33 Selecting previously unselected package libopenjp2-7:amd64.
#11 91.34 Preparing to unpack .../017-libopenjp2-7_2.5.0-2+deb12u3_amd64.deb ...
#11 91.34 Unpacking libopenjp2-7:amd64 (2.5.0-2+deb12u3) ...
#11 91.43 Selecting previously unselected package librsvg2-2:amd64.
#11 91.43 Preparing to unpack .../018-librsvg2-2_2.54.7+dfsg-1~deb12u1_amd64.deb ...
#11 91.43 Unpacking librsvg2-2:amd64 (2.54.7+dfsg-1~deb12u1) ...
#11 91.67 Selecting previously unselected package libgs-common.
#11 91.67 Preparing to unpack .../019-libgs-common_10.0.0~dfsg-11+deb12u8_all.deb ...
#11 91.67 Unpacking libgs-common (10.0.0~dfsg-11+deb12u8) ...
#11 91.77 Selecting previously unselected package libgs10-common.
#11 91.77 Preparing to unpack .../020-libgs10-common_10.0.0~dfsg-11+deb12u8_all.deb ...
#11 91.77 Unpacking libgs10-common (10.0.0~dfsg-11+deb12u8) ...
#11 91.89 Selecting previously unselected package libidn12:amd64.
#11 91.89 Preparing to unpack .../021-libidn12_1.41-1_amd64.deb ...
#11 91.89 Unpacking libidn12:amd64 (1.41-1) ...
#11 91.98 Selecting previously unselected package libijs-0.35:amd64.
#11 91.98 Preparing to unpack .../022-libijs-0.35_0.35-15_amd64.deb ...
#11 91.99 Unpacking libijs-0.35:amd64 (0.35-15) ...
#11 92.07 Selecting previously unselected package libjbig2dec0:amd64.
#11 92.07 Preparing to unpack .../023-libjbig2dec0_0.19-3+deb12u1_amd64.deb ...
#11 92.08 Unpacking libjbig2dec0:amd64 (0.19-3+deb12u1) ...
#11 92.17 Selecting previously unselected package libpaper1:amd64.
#11 92.17 Preparing to unpack .../024-libpaper1_1.1.29_amd64.deb ...
#11 92.17 Unpacking libpaper1:amd64 (1.1.29) ...
#11 92.26 Selecting previously unselected package libice6:amd64.
#11 92.26 Preparing to unpack .../025-libice6_2%3a1.0.10-1_amd64.deb ...
#11 92.26 Unpacking libice6:amd64 (2:1.0.10-1) ...
#11 92.35 Selecting previously unselected package libsm6:amd64.
#11 92.35 Preparing to unpack .../026-libsm6_2%3a1.2.3-1_amd64.deb ...
#11 92.35 Unpacking libsm6:amd64 (2:1.2.3-1) ...
#11 92.44 Selecting previously unselected package libxt6:amd64.
#11 92.44 Preparing to unpack .../027-libxt6_1%3a1.2.1-1.1_amd64.deb ...
#11 92.45 Unpacking libxt6:amd64 (1:1.2.1-1.1) ...
#11 92.54 Selecting previously unselected package libgs10:amd64.
#11 92.54 Preparing to unpack .../028-libgs10_10.0.0~dfsg-11+deb12u8_amd64.deb ...
#11 92.54 Unpacking libgs10:amd64 (10.0.0~dfsg-11+deb12u8) ...
#11 92.78 Selecting previously unselected package libspectre1:amd64.
#11 92.79 Preparing to unpack .../029-libspectre1_0.2.12-1_amd64.deb ...
#11 92.79 Unpacking libspectre1:amd64 (0.2.12-1) ...
#11 92.88 Selecting previously unselected package libwebpdemux2:amd64.
#11 92.88 Preparing to unpack .../030-libwebpdemux2_1.2.4-0.2+deb12u1_amd64.deb ...
#11 92.88 Unpacking libwebpdemux2:amd64 (1.2.4-0.2+deb12u1) ...
#11 92.97 Selecting previously unselected package libx11-xcb1:amd64.
#11 92.97 Preparing to unpack .../031-libx11-xcb1_2%3a1.8.4-2+deb12u2_amd64.deb ...
#11 92.97 Unpacking libx11-xcb1:amd64 (2:1.8.4-2+deb12u2) ...
#11 93.06 Selecting previously unselected package libimlib2:amd64.
#11 93.06 Preparing to unpack .../032-libimlib2_1.10.0-4+deb12u1_amd64.deb ...
#11 93.06 Unpacking libimlib2:amd64 (1.10.0-4+deb12u1) ...
#11 93.16 Selecting previously unselected package libxft2:amd64.
#11 93.16 Preparing to unpack .../033-libxft2_2.3.6-1_amd64.deb ...
#11 93.16 Unpacking libxft2:amd64 (2.3.6-1) ...
#11 93.26 Selecting previously unselected package libxpm4:amd64.
#11 93.26 Preparing to unpack .../034-libxpm4_1%3a3.5.12-1.1+deb12u1_amd64.deb ...
#11 93.26 Unpacking libxpm4:amd64 (1:3.5.12-1.1+deb12u1) ...
#11 93.35 Selecting previously unselected package fluxbox.
#11 93.35 Preparing to unpack .../035-fluxbox_1.3.5-2.1_amd64.deb ...
#11 93.36 Unpacking fluxbox (1.3.5-2.1) ...
#11 93.52 Selecting previously unselected package ieee-data.
#11 93.52 Preparing to unpack .../036-ieee-data_20220827.1_all.deb ...
#11 93.57 Unpacking ieee-data (20220827.1) ...
#11 93.76 Selecting previously unselected package libblas3:amd64.
#11 93.76 Preparing to unpack .../037-libblas3_3.11.0-2_amd64.deb ...
#11 93.78 Unpacking libblas3:amd64 (3.11.0-2) ...
#11 93.88 Selecting previously unselected package libc-ares2:amd64.
#11 93.88 Preparing to unpack .../038-libc-ares2_1.18.1-3_amd64.deb ...
#11 93.88 Unpacking libc-ares2:amd64 (1.18.1-3) ...
#11 93.97 Selecting previously unselected package libdrm-amdgpu1:amd64.
#11 93.98 Preparing to unpack .../039-libdrm-amdgpu1_2.4.114-1+b1_amd64.deb ...
#11 93.98 Unpacking libdrm-amdgpu1:amd64 (2.4.114-1+b1) ...
#11 94.06 Selecting previously unselected package libpciaccess0:amd64.
#11 94.07 Preparing to unpack .../040-libpciaccess0_0.17-2_amd64.deb ...
#11 94.07 Unpacking libpciaccess0:amd64 (0.17-2) ...
#11 94.16 Selecting previously unselected package libdrm-intel1:amd64.
#11 94.16 Preparing to unpack .../041-libdrm-intel1_2.4.114-1+b1_amd64.deb ...
#11 94.16 Unpacking libdrm-intel1:amd64 (2.4.114-1+b1) ...
#11 94.26 Selecting previously unselected package libdrm-nouveau2:amd64.
#11 94.26 Preparing to unpack .../042-libdrm-nouveau2_2.4.114-1+b1_amd64.deb ...
#11 94.26 Unpacking libdrm-nouveau2:amd64 (2.4.114-1+b1) ...
#11 94.35 Selecting previously unselected package libdrm-radeon1:amd64.
#11 94.35 Preparing to unpack .../043-libdrm-radeon1_2.4.114-1+b1_amd64.deb ...
#11 94.36 Unpacking libdrm-radeon1:amd64 (2.4.114-1+b1) ...
#11 94.44 Selecting previously unselected package libedit2:amd64.
#11 94.44 Preparing to unpack .../044-libedit2_3.1-20221030-2_amd64.deb ...
#11 94.44 Unpacking libedit2:amd64 (3.1-20221030-2) ...
#11 94.54 Selecting previously unselected package libelf1:amd64.
#11 94.54 Preparing to unpack .../045-libelf1_0.188-2.1_amd64.deb ...
#11 94.54 Unpacking libelf1:amd64 (0.188-2.1) ...
#11 94.63 Selecting previously unselected package libquadmath0:amd64.
#11 94.63 Preparing to unpack .../046-libquadmath0_12.2.0-14+deb12u1_amd64.deb ...
#11 94.64 Unpacking libquadmath0:amd64 (12.2.0-14+deb12u1) ...
#11 94.73 Selecting previously unselected package libgfortran5:amd64.
#11 94.73 Preparing to unpack .../047-libgfortran5_12.2.0-14+deb12u1_amd64.deb ...
#11 94.73 Unpacking libgfortran5:amd64 (12.2.0-14+deb12u1) ...
#11 94.86 Selecting previously unselected package libglvnd0:amd64.
#11 94.86 Preparing to unpack .../048-libglvnd0_1.6.0-1_amd64.deb ...
#11 94.87 Unpacking libglvnd0:amd64 (1.6.0-1) ...
#11 94.96 Selecting previously unselected package libglapi-mesa:amd64.
#11 94.96 Preparing to unpack .../049-libglapi-mesa_22.3.6-1+deb12u2_amd64.deb ...
#11 94.96 Unpacking libglapi-mesa:amd64 (22.3.6-1+deb12u2) ...
#11 95.04 Selecting previously unselected package libxcb-dri2-0:amd64.
#11 95.04 Preparing to unpack .../050-libxcb-dri2-0_1.15-1_amd64.deb ...
#11 95.05 Unpacking libxcb-dri2-0:amd64 (1.15-1) ...
#11 95.13 Selecting previously unselected package libxcb-dri3-0:amd64.
#11 95.13 Preparing to unpack .../051-libxcb-dri3-0_1.15-1_amd64.deb ...
#11 95.14 Unpacking libxcb-dri3-0:amd64 (1.15-1) ...
#11 95.23 Selecting previously unselected package libxcb-glx0:amd64.
#11 95.23 Preparing to unpack .../052-libxcb-glx0_1.15-1_amd64.deb ...
#11 95.23 Unpacking libxcb-glx0:amd64 (1.15-1) ...
#11 95.32 Selecting previously unselected package libxcb-present0:amd64.
#11 95.33 Preparing to unpack .../053-libxcb-present0_1.15-1_amd64.deb ...
#11 95.33 Unpacking libxcb-present0:amd64 (1.15-1) ...
#11 95.42 Selecting previously unselected package libxcb-randr0:amd64.
#11 95.42 Preparing to unpack .../054-libxcb-randr0_1.15-1_amd64.deb ...
#11 95.42 Unpacking libxcb-randr0:amd64 (1.15-1) ...
#11 95.51 Selecting previously unselected package libxcb-sync1:amd64.
#11 95.51 Preparing to unpack .../055-libxcb-sync1_1.15-1_amd64.deb ...
#11 95.51 Unpacking libxcb-sync1:amd64 (1.15-1) ...
#11 95.61 Selecting previously unselected package libxcb-xfixes0:amd64.
#11 95.61 Preparing to unpack .../056-libxcb-xfixes0_1.15-1_amd64.deb ...
#11 95.61 Unpacking libxcb-xfixes0:amd64 (1.15-1) ...
#11 95.70 Selecting previously unselected package libxshmfence1:amd64.
#11 95.70 Preparing to unpack .../057-libxshmfence1_1.3-1_amd64.deb ...
#11 95.70 Unpacking libxshmfence1:amd64 (1.3-1) ...
#11 95.79 Selecting previously unselected package libxxf86vm1:amd64.
#11 95.79 Preparing to unpack .../058-libxxf86vm1_1%3a1.1.4-1+b2_amd64.deb ...
#11 95.79 Unpacking libxxf86vm1:amd64 (1:1.1.4-1+b2) ...
#11 95.87 Selecting previously unselected package libz3-4:amd64.
#11 95.87 Preparing to unpack .../059-libz3-4_4.8.12-3.1_amd64.deb ...
#11 95.88 Unpacking libz3-4:amd64 (4.8.12-3.1) ...
#11 96.34 Selecting previously unselected package libllvm15:amd64.
#11 96.34 Preparing to unpack .../060-libllvm15_1%3a15.0.6-4+b1_amd64.deb ...
#11 96.34 Unpacking libllvm15:amd64 (1:15.0.6-4+b1) ...
#11 96.97 Selecting previously unselected package libsensors-config.
#11 96.97 Preparing to unpack .../061-libsensors-config_1%3a3.6.0-7.1_all.deb ...
#11 96.97 Unpacking libsensors-config (1:3.6.0-7.1) ...
#11 97.05 Selecting previously unselected package libsensors5:amd64.
#11 97.06 Preparing to unpack .../062-libsensors5_1%3a3.6.0-7.1_amd64.deb ...
#11 97.29 Unpacking libsensors5:amd64 (1:3.6.0-7.1) ...
#11 97.38 Selecting previously unselected package libgl1-mesa-dri:amd64.
#11 97.38 Preparing to unpack .../063-libgl1-mesa-dri_22.3.6-1+deb12u2_amd64.deb ...
#11 97.43 Unpacking libgl1-mesa-dri:amd64 (22.3.6-1+deb12u2) ...
#11 97.89 Selecting previously unselected package libglx-mesa0:amd64.
#11 97.89 Preparing to unpack .../064-libglx-mesa0_22.3.6-1+deb12u2_amd64.deb ...
#11 97.89 Unpacking libglx-mesa0:amd64 (22.3.6-1+deb12u2) ...
#11 97.99 Selecting previously unselected package libglx0:amd64.
#11 97.99 Preparing to unpack .../065-libglx0_1.6.0-1_amd64.deb ...
#11 97.99 Unpacking libglx0:amd64 (1.6.0-1) ...
#11 98.08 Selecting previously unselected package libgl1:amd64.
#11 98.08 Preparing to unpack .../066-libgl1_1.6.0-1_amd64.deb ...
#11 98.08 Unpacking libgl1:amd64 (1.6.0-1) ...
#11 98.17 Selecting previously unselected package libgomp1:amd64.
#11 98.18 Preparing to unpack .../067-libgomp1_12.2.0-14+deb12u1_amd64.deb ...
#11 98.18 Unpacking libgomp1:amd64 (12.2.0-14+deb12u1) ...
#11 98.27 Selecting previously unselected package libimagequant0:amd64.
#11 98.27 Preparing to unpack .../068-libimagequant0_2.17.0-1_amd64.deb ...
#11 98.27 Unpacking libimagequant0:amd64 (2.17.0-1) ...
#11 98.36 Selecting previously unselected package liblapack3:amd64.
#11 98.36 Preparing to unpack .../069-liblapack3_3.11.0-2_amd64.deb ...
#11 98.38 Unpacking liblapack3:amd64 (3.11.0-2) ...
#11 98.59 Selecting previously unselected package liblzo2-2:amd64.
#11 98.59 Preparing to unpack .../070-liblzo2-2_2.10-2_amd64.deb ...
#11 98.59 Unpacking liblzo2-2:amd64 (2.10-2) ...
#11 98.68 Selecting previously unselected package libuv1:amd64.
#11 98.68 Preparing to unpack .../071-libuv1_1.44.2-1+deb12u1_amd64.deb ...
#11 98.68 Unpacking libuv1:amd64 (1.44.2-1+deb12u1) ...
#11 98.77 Selecting previously unselected package node-xtend.
#11 98.77 Preparing to unpack .../072-node-xtend_4.0.2-3_all.deb ...
#11 98.78 Unpacking node-xtend (4.0.2-3) ...
#11 98.86 Selecting previously unselected package nodejs.
#11 98.86 Preparing to unpack .../073-nodejs_18.20.4+dfsg-1~deb12u3_amd64.deb ...
#11 98.86 Unpacking nodejs (18.20.4+dfsg-1~deb12u3) ...
#11 98.97 Selecting previously unselected package node-acorn.
#11 98.97 Preparing to unpack .../074-node-acorn_8.8.1+ds+~cs25.17.7-2_all.deb ...
#11 98.98 Unpacking node-acorn (8.8.1+ds+~cs25.17.7-2) ...
#11 99.07 Selecting previously unselected package node-cjs-module-lexer.
#11 99.07 Preparing to unpack .../075-node-cjs-module-lexer_1.2.2+dfsg-5_all.deb ...
#11 99.07 Unpacking node-cjs-module-lexer (1.2.2+dfsg-5) ...
#11 99.16 Selecting previously unselected package node-busboy.
#11 99.16 Preparing to unpack .../076-node-busboy_1.6.0+~cs2.6.0-2_all.deb ...
#11 99.16 Unpacking node-busboy (1.6.0+~cs2.6.0-2) ...
#11 99.25 Selecting previously unselected package node-undici.
#11 99.25 Preparing to unpack .../077-node-undici_5.15.0+dfsg1+~cs20.10.9.3-1+deb12u4_all.deb ...
#11 99.31 Unpacking node-undici (5.15.0+dfsg1+~cs20.10.9.3-1+deb12u4) ...
#11 99.40 Selecting previously unselected package libnode108:amd64.
#11 99.41 Preparing to unpack .../078-libnode108_18.20.4+dfsg-1~deb12u3_amd64.deb ...
#11 99.41 Unpacking libnode108:amd64 (18.20.4+dfsg-1~deb12u3) ...
#11 99.87 Selecting previously unselected package libnss3-tools.
#11 99.87 Preparing to unpack .../079-libnss3-tools_2%3a3.87.1-1+deb12u4_amd64.deb ...
#11 99.87 Unpacking libnss3-tools (2:3.87.1-1+deb12u4) ...
#11 100.0 Selecting previously unselected package libraqm0:amd64.
#11 100.0 Preparing to unpack .../080-libraqm0_0.7.0-4.1_amd64.deb ...
#11 100.0 Unpacking libraqm0:amd64 (0.7.0-4.1) ...
#11 100.1 Selecting previously unselected package libtcl8.6:amd64.
#11 100.1 Preparing to unpack .../081-libtcl8.6_8.6.13+dfsg-2_amd64.deb ...
#11 100.1 Unpacking libtcl8.6:amd64 (8.6.13+dfsg-2) ...
#11 100.2 Selecting previously unselected package libxss1:amd64.
#11 100.2 Preparing to unpack .../082-libxss1_1%3a1.2.3-1_amd64.deb ...
#11 100.2 Unpacking libxss1:amd64 (1:1.2.3-1) ...
#11 100.3 Selecting previously unselected package libtk8.6:amd64.
#11 100.3 Preparing to unpack .../083-libtk8.6_8.6.13-2_amd64.deb ...
#11 100.3 Unpacking libtk8.6:amd64 (8.6.13-2) ...
#11 100.5 Selecting previously unselected package libunwind8:amd64.
#11 100.5 Preparing to unpack .../084-libunwind8_1.6.2-3_amd64.deb ...
#11 100.5 Unpacking libunwind8:amd64 (1.6.2-3) ...
#11 100.6 Selecting previously unselected package libvncclient1:amd64.
#11 100.6 Preparing to unpack .../085-libvncclient1_0.9.14+dfsg-1+deb12u2_amd64.deb ...
#11 100.6 Unpacking libvncclient1:amd64 (0.9.14+dfsg-1+deb12u2) ...
#11 100.7 Selecting previously unselected package libvncserver1:amd64.
#11 100.7 Preparing to unpack .../086-libvncserver1_0.9.14+dfsg-1+deb12u2_amd64.deb ...
#11 100.7 Unpacking libvncserver1:amd64 (0.9.14+dfsg-1+deb12u2) ...
#11 100.8 Selecting previously unselected package libwebpmux3:amd64.
#11 100.8 Preparing to unpack .../087-libwebpmux3_1.2.4-0.2+deb12u1_amd64.deb ...
#11 100.8 Unpacking libwebpmux3:amd64 (1.2.4-0.2+deb12u1) ...
#11 100.8 Selecting previously unselected package libxmu6:amd64.
#11 100.8 Preparing to unpack .../088-libxmu6_2%3a1.1.3-3_amd64.deb ...
#11 100.8 Unpacking libxmu6:amd64 (2:1.1.3-3) ...
#11 100.9 Selecting previously unselected package libxaw7:amd64.
#11 100.9 Preparing to unpack .../089-libxaw7_2%3a1.0.14-1_amd64.deb ...
#11 100.9 Unpacking libxaw7:amd64 (2:1.0.14-1) ...
#11 101.0 Selecting previously unselected package libxcb-shape0:amd64.
#11 101.0 Preparing to unpack .../090-libxcb-shape0_1.15-1_amd64.deb ...
#11 101.0 Unpacking libxcb-shape0:amd64 (1.15-1) ...
#11 101.1 Selecting previously unselected package libxfont2:amd64.
#11 101.1 Preparing to unpack .../091-libxfont2_1%3a2.0.6-1+deb12u1_amd64.deb ...
#11 101.1 Unpacking libxfont2:amd64 (1:2.0.6-1+deb12u1) ...
#11 101.2 Selecting previously unselected package libxkbfile1:amd64.
#11 101.2 Preparing to unpack .../092-libxkbfile1_1%3a1.1.0-1_amd64.deb ...
#11 101.2 Unpacking libxkbfile1:amd64 (1:1.1.0-1) ...
#11 101.3 Selecting previously unselected package libxmuu1:amd64.
#11 101.3 Preparing to unpack .../093-libxmuu1_2%3a1.1.3-3_amd64.deb ...
#11 101.3 Unpacking libxmuu1:amd64 (2:1.1.3-3) ...
#11 101.4 Selecting previously unselected package libxtst6:amd64.
#11 101.4 Preparing to unpack .../094-libxtst6_2%3a1.2.3-1.1_amd64.deb ...
#11 101.4 Unpacking libxtst6:amd64 (2:1.2.3-1.1) ...
#11 101.5 Selecting previously unselected package libxv1:amd64.
#11 101.5 Preparing to unpack .../095-libxv1_2%3a1.0.11-1.1_amd64.deb ...
#11 101.5 Unpacking libxv1:amd64 (2:1.0.11-1.1) ...
#11 101.6 Selecting previously unselected package libxxf86dga1:amd64.
#11 101.6 Preparing to unpack .../096-libxxf86dga1_2%3a1.1.5-1_amd64.deb ...
#11 101.6 Unpacking libxxf86dga1:amd64 (2:1.1.5-1) ...
#11 101.7 Selecting previously unselected package libyaml-0-2:amd64.
#11 101.7 Preparing to unpack .../097-libyaml-0-2_0.2.5-1_amd64.deb ...
#11 101.7 Unpacking libyaml-0-2:amd64 (0.2.5-1) ...
#11 101.8 Selecting previously unselected package net-tools.
#11 101.8 Preparing to unpack .../098-net-tools_2.10-0.1+deb12u2_amd64.deb ...
#11 101.8 Unpacking net-tools (2.10-0.1+deb12u2) ...
#11 101.9 Selecting previously unselected package python3-pkg-resources.
#11 101.9 Preparing to unpack .../099-python3-pkg-resources_66.1.1-1+deb12u2_all.deb ...
#11 101.9 Unpacking python3-pkg-resources (66.1.1-1+deb12u2) ...
#11 102.0 Selecting previously unselected package python3-lib2to3.
#11 102.0 Preparing to unpack .../100-python3-lib2to3_3.11.2-3_all.deb ...
#11 102.0 Unpacking python3-lib2to3 (3.11.2-3) ...
#11 102.1 Selecting previously unselected package python3-distutils.
#11 102.1 Preparing to unpack .../101-python3-distutils_3.11.2-3_all.deb ...
#11 102.1 Unpacking python3-distutils (3.11.2-3) ...
#11 102.2 Selecting previously unselected package python3-setuptools.
#11 102.2 Preparing to unpack .../102-python3-setuptools_66.1.1-1+deb12u2_all.deb ...
#11 102.2 Unpacking python3-setuptools (66.1.1-1+deb12u2) ...
#11 102.3 Selecting previously unselected package python3-six.
#11 102.3 Preparing to unpack .../103-python3-six_1.16.0-4_all.deb ...
#11 102.3 Unpacking python3-six (1.16.0-4) ...
#11 102.4 Selecting previously unselected package python3-pbr.
#11 102.4 Preparing to unpack .../104-python3-pbr_5.10.0-2_all.deb ...
#11 102.4 Unpacking python3-pbr (5.10.0-2) ...
#11 102.5 Selecting previously unselected package python3-wrapt.
#11 102.5 Preparing to unpack .../105-python3-wrapt_1.14.1-2+b2_amd64.deb ...
#11 102.5 Unpacking python3-wrapt (1.14.1-2+b2) ...
#11 102.5 Selecting previously unselected package python3-more-itertools.
#11 102.5 Preparing to unpack .../106-python3-more-itertools_8.10.0-2_all.deb ...
#11 102.5 Unpacking python3-more-itertools (8.10.0-2) ...
#11 102.6 Selecting previously unselected package python3-zipp.
#11 102.6 Preparing to unpack .../107-python3-zipp_1.0.0-6+deb12u1_all.deb ...
#11 102.6 Unpacking python3-zipp (1.0.0-6+deb12u1) ...
#11 102.7 Selecting previously unselected package python3-importlib-metadata.
#11 102.7 Preparing to unpack .../108-python3-importlib-metadata_4.12.0-1_all.deb ...
#11 102.7 Unpacking python3-importlib-metadata (4.12.0-1) ...
#11 102.8 Selecting previously unselected package python3-debtcollector.
#11 102.8 Preparing to unpack .../109-python3-debtcollector_2.5.0-2_all.deb ...
#11 102.8 Unpacking python3-debtcollector (2.5.0-2) ...
#11 102.9 Selecting previously unselected package python3-roman.
#11 102.9 Preparing to unpack .../110-python3-roman_3.3-3_all.deb ...
#11 102.9 Unpacking python3-roman (3.3-3) ...
#11 103.0 Selecting previously unselected package python3-docutils.
#11 103.0 Preparing to unpack .../111-python3-docutils_0.19+dfsg-6_all.deb ...
#11 103.0 Unpacking python3-docutils (0.19+dfsg-6) ...
#11 103.1 Selecting previously unselected package python3-netaddr.
#11 103.1 Preparing to unpack .../112-python3-netaddr_0.8.0-2_all.deb ...
#11 103.1 Unpacking python3-netaddr (0.8.0-2) ...
#11 103.2 Selecting previously unselected package python3-oslo.i18n.
#11 103.2 Preparing to unpack .../113-python3-oslo.i18n_5.1.0-3_all.deb ...
#11 103.2 Unpacking python3-oslo.i18n (5.1.0-3) ...
#11 103.3 Selecting previously unselected package python3-dateutil.
#11 103.3 Preparing to unpack .../114-python3-dateutil_2.8.2-2_all.deb ...
#11 103.3 Unpacking python3-dateutil (2.8.2-2) ...
#11 103.4 Selecting previously unselected package python3-oslo.context.
#11 103.4 Preparing to unpack .../115-python3-oslo.context_5.0.0-2_all.deb ...
#11 103.4 Unpacking python3-oslo.context (5.0.0-2) ...
#11 103.5 Selecting previously unselected package python3-msgpack.
#11 103.5 Preparing to unpack .../116-python3-msgpack_1.0.3-2+b1_amd64.deb ...
#11 103.5 Unpacking python3-msgpack (1.0.3-2+b1) ...
#11 103.6 Selecting previously unselected package python3-iso8601.
#11 103.6 Preparing to unpack .../117-python3-iso8601_1.0.2-1_all.deb ...
#11 103.6 Unpacking python3-iso8601 (1.0.2-1) ...
#11 103.7 Selecting previously unselected package python3-netifaces:amd64.
#11 103.7 Preparing to unpack .../118-python3-netifaces_0.11.0-2+b1_amd64.deb ...
#11 103.7 Unpacking python3-netifaces:amd64 (0.11.0-2+b1) ...
#11 103.8 Selecting previously unselected package python3-packaging.
#11 103.8 Preparing to unpack .../119-python3-packaging_23.0-1_all.deb ...
#11 103.8 Unpacking python3-packaging (23.0-1) ...
#11 103.9 Selecting previously unselected package python3-pyparsing.
#11 103.9 Preparing to unpack .../120-python3-pyparsing_3.0.9-1_all.deb ...
#11 103.9 Unpacking python3-pyparsing (3.0.9-1) ...
#11 104.0 Selecting previously unselected package python3-tz.
#11 104.0 Preparing to unpack .../121-python3-tz_2022.7.1-4_all.deb ...
#11 104.0 Unpacking python3-tz (2022.7.1-4) ...
#11 104.0 Selecting previously unselected package python3-oslo.utils.
#11 104.1 Preparing to unpack .../122-python3-oslo.utils_6.0.1-2_all.deb ...
#11 104.1 Unpacking python3-oslo.utils (6.0.1-2) ...
#11 104.1 Selecting previously unselected package python3-yaml.
#11 104.1 Preparing to unpack .../123-python3-yaml_6.0-3+b2_amd64.deb ...
#11 104.1 Unpacking python3-yaml (6.0-3+b2) ...
#11 104.2 Selecting previously unselected package python3-oslo.serialization.
#11 104.2 Preparing to unpack .../124-python3-oslo.serialization_5.0.0-2_all.deb ...
#11 104.2 Unpacking python3-oslo.serialization (5.0.0-2) ...
#11 104.3 Selecting previously unselected package python3-pyinotify.
#11 104.3 Preparing to unpack .../125-python3-pyinotify_0.9.6-2_all.deb ...
#11 104.3 Unpacking python3-pyinotify (0.9.6-2) ...
#11 104.4 Selecting previously unselected package python3-oslo.log.
#11 104.4 Preparing to unpack .../126-python3-oslo.log_5.0.1-1_all.deb ...
#11 104.4 Unpacking python3-oslo.log (5.0.1-1) ...
#11 104.5 Selecting previously unselected package python3-certifi.
#11 104.5 Preparing to unpack .../127-python3-certifi_2022.9.24-1_all.deb ...
#11 104.5 Unpacking python3-certifi (2022.9.24-1) ...
#11 104.6 Selecting previously unselected package python3-charset-normalizer.
#11 104.6 Preparing to unpack .../128-python3-charset-normalizer_3.0.1-2_all.deb ...
#11 104.6 Unpacking python3-charset-normalizer (3.0.1-2) ...
#11 104.7 Selecting previously unselected package python3-idna.
#11 104.7 Preparing to unpack .../129-python3-idna_3.3-1+deb12u1_all.deb ...
#11 104.7 Unpacking python3-idna (3.3-1+deb12u1) ...
#11 104.8 Selecting previously unselected package python3-urllib3.
#11 104.8 Preparing to unpack .../130-python3-urllib3_1.26.12-1+deb12u4_all.deb ...
#11 104.8 Unpacking python3-urllib3 (1.26.12-1+deb12u4) ...
#11 104.9 Selecting previously unselected package python3-chardet.
#11 104.9 Preparing to unpack .../131-python3-chardet_5.1.0+dfsg-2_all.deb ...
#11 104.9 Unpacking python3-chardet (5.1.0+dfsg-2) ...
#11 105.0 Selecting previously unselected package python3-requests.
#11 105.0 Preparing to unpack .../132-python3-requests_2.28.1+dfsg-1_all.deb ...
#11 105.0 Unpacking python3-requests (2.28.1+dfsg-1) ...
#11 105.1 Selecting previously unselected package python3-rfc3986.
#11 105.1 Preparing to unpack .../133-python3-rfc3986_1.5.0-2_all.deb ...
#11 105.1 Unpacking python3-rfc3986 (1.5.0-2) ...
#11 105.2 Selecting previously unselected package python3-stevedore.
#11 105.2 Preparing to unpack .../134-python3-stevedore_4.0.2-2_all.deb ...
#11 105.2 Unpacking python3-stevedore (4.0.2-2) ...
#11 105.3 Selecting previously unselected package python3-oslo.config.
#11 105.3 Preparing to unpack .../135-python3-oslo.config_1%3a9.0.0-3_all.deb ...
#11 105.3 Unpacking python3-oslo.config (1:9.0.0-3) ...
#11 105.3 Selecting previously unselected package python3-pil:amd64.
#11 105.3 Preparing to unpack .../136-python3-pil_9.4.0-1.1+deb12u1_amd64.deb ...
#11 105.3 Unpacking python3-pil:amd64 (9.4.0-1.1+deb12u1) ...
#11 105.5 Selecting previously unselected package python3-novnc.
#11 105.5 Preparing to unpack .../137-python3-novnc_1%3a1.3.0-1_all.deb ...
#11 105.5 Unpacking python3-novnc (1:1.3.0-1) ...
#11 105.5 Selecting previously unselected package python3-numpy.
#11 105.6 Preparing to unpack .../138-python3-numpy_1%3a1.24.2-1+deb12u1_amd64.deb ...
#11 105.6 Unpacking python3-numpy (1:1.24.2-1+deb12u1) ...
#11 106.2 Selecting previously unselected package python3-cffi-backend:amd64.
#11 106.2 Preparing to unpack .../139-python3-cffi-backend_1.15.1-5+b1_amd64.deb ...
#11 106.2 Unpacking python3-cffi-backend:amd64 (1.15.1-5+b1) ...
#11 106.3 Selecting previously unselected package python3-cryptography.
#11 106.3 Preparing to unpack .../140-python3-cryptography_38.0.4-3+deb12u1_amd64.deb ...
#11 106.3 Unpacking python3-cryptography (38.0.4-3+deb12u1) ...
#11 106.4 Selecting previously unselected package python3-deprecated.
#11 106.4 Preparing to unpack .../141-python3-deprecated_1.2.13-3_all.deb ...
#11 106.4 Unpacking python3-deprecated (1.2.13-3) ...
#11 106.5 Selecting previously unselected package python3-jwcrypto.
#11 106.5 Preparing to unpack .../142-python3-jwcrypto_1.1.0-1+deb12u1_all.deb ...
#11 106.5 Unpacking python3-jwcrypto (1.1.0-1+deb12u1) ...
#11 106.6 Selecting previously unselected package python3-websockify.
#11 106.6 Preparing to unpack .../143-python3-websockify_0.10.0+dfsg1-4+b1_amd64.deb ...
#11 106.6 Unpacking python3-websockify (0.10.0+dfsg1-4+b1) ...
#11 106.7 Selecting previously unselected package websockify.
#11 106.7 Preparing to unpack .../144-websockify_0.10.0+dfsg1-4+b1_amd64.deb ...
#11 106.7 Unpacking websockify (0.10.0+dfsg1-4+b1) ...
#11 106.8 Selecting previously unselected package novnc.
#11 106.8 Preparing to unpack .../145-novnc_1%3a1.3.0-1_all.deb ...
#11 106.8 Unpacking novnc (1:1.3.0-1) ...
#11 106.9 Selecting previously unselected package tcl8.6.
#11 106.9 Preparing to unpack .../146-tcl8.6_8.6.13+dfsg-2_amd64.deb ...
#11 106.9 Unpacking tcl8.6 (8.6.13+dfsg-2) ...
#11 107.0 Selecting previously unselected package tcl.
#11 107.0 Preparing to unpack .../147-tcl_8.6.13_amd64.deb ...
#11 107.0 Unpacking tcl (8.6.13) ...
#11 107.1 Selecting previously unselected package tk8.6.
#11 107.1 Preparing to unpack .../148-tk8.6_8.6.13-2_amd64.deb ...
#11 107.1 Unpacking tk8.6 (8.6.13-2) ...
#11 107.2 Selecting previously unselected package tk.
#11 107.2 Preparing to unpack .../149-tk_8.6.13_amd64.deb ...
#11 107.2 Unpacking tk (8.6.13) ...
#11 107.3 Selecting previously unselected package x11-utils.
#11 107.3 Preparing to unpack .../150-x11-utils_7.7+5_amd64.deb ...
#11 107.3 Unpacking x11-utils (7.7+5) ...
#11 107.4 Selecting previously unselected package x11-xkb-utils.
#11 107.4 Preparing to unpack .../151-x11-xkb-utils_7.7+7_amd64.deb ...
#11 107.4 Unpacking x11-xkb-utils (7.7+7) ...
#11 107.5 Selecting previously unselected package x11vnc.
#11 107.5 Preparing to unpack .../152-x11vnc_0.9.16-9_amd64.deb ...
#11 107.5 Unpacking x11vnc (0.9.16-9) ...
#11 107.6 Selecting previously unselected package xauth.
#11 107.6 Preparing to unpack .../153-xauth_1%3a1.1.2-1_amd64.deb ...
#11 107.6 Unpacking xauth (1:1.1.2-1) ...
#11 107.7 Selecting previously unselected package xserver-common.
#11 107.7 Preparing to unpack .../154-xserver-common_2%3a21.1.7-3+deb12u13_all.deb ...
#11 107.7 Unpacking xserver-common (2:21.1.7-3+deb12u13) ...
#11 107.8 Selecting previously unselected package xvfb.
#11 107.8 Preparing to unpack .../155-xvfb_2%3a21.1.7-3+deb12u13_amd64.deb ...
#11 107.8 Unpacking xvfb (2:21.1.7-3+deb12u13) ...
#11 107.9 Setting up media-types (10.0.0) ...
#11 108.0 Setting up libgraphite2-3:amd64 (1.3.14-1+deb12u1) ...
#11 108.0 Setting up liblcms2-2:amd64 (2.14-2+deb12u1) ...
#11 108.0 Setting up libpixman-1-0:amd64 (0.42.2-1) ...
#11 108.0 Setting up libwayland-server0:amd64 (1.21.0-1) ...
#11 108.0 Setting up libaom3:amd64 (3.6.0-1+deb12u3) ...
#11 108.0 Setting up libpciaccess0:amd64 (0.17-2) ...
#11 108.0 Setting up systemd-sysv (252.39-1~deb12u2) ...
#11 108.0 Setting up libxau6:amd64 (1:1.0.9-1) ...
#11 108.0 Setting up net-tools (2.10-0.1+deb12u2) ...
#11 108.0 Setting up libkeyutils1:amd64 (1.6.3-2) ...
#11 108.0 Setting up libpsl5:amd64 (0.21.2-1) ...
#11 108.0 Setting up libicu72:amd64 (72.1-3+deb12u1) ...
#11 108.0 Setting up liblerc4:amd64 (4.0.0+ds-2) ...
#11 108.0 Setting up wget (1.21.3-1+deb12u1) ...
#11 108.0 Setting up hicolor-icon-theme (0.17-2) ...
#11 108.1 Setting up libdatrie1:amd64 (0.2.13-2+b1) ...
#11 108.1 Setting up libyaml-0-2:amd64 (0.2.5-1) ...
#11 108.1 Setting up libglib2.0-0:amd64 (2.74.6-2+deb12u9) ...
#11 108.2 Setting up libglvnd0:amd64 (1.6.0-1) ...
#11 108.2 Setting up libtirpc-common (1.3.3+ds-1) ...
#11 108.2 Setting up libijs-0.35:amd64 (0.35-15) ...
#11 108.2 Setting up libgs-common (10.0.0~dfsg-11+deb12u8) ...
#11 108.2 Setting up libbrotli1:amd64 (1.0.9-2+b6) ...
#11 108.2 Setting up libsqlite3-0:amd64 (3.40.1-2+deb12u2) ...
#11 108.2 Setting up libgdk-pixbuf2.0-common (2.42.10+dfsg-1+deb12u4) ...
#11 108.2 Setting up x11-common (1:7.7+23) ...
#11 108.5 invoke-rc.d: could not determine current runlevel
#11 108.6 invoke-rc.d: policy-rc.d denied execution of restart.
#11 108.6 Setting up libsensors-config (1:3.6.0-7.1) ...
#11 108.6 Setting up libnghttp2-14:amd64 (1.52.0-1+deb12u3) ...
#11 108.6 Setting up libdeflate0:amd64 (1.14-1) ...
#11 108.6 Setting up xkb-data (2.35.1-1) ...
#11 108.6 Setting up liblzo2-2:amd64 (2.10-2) ...
#11 108.6 Setting up node-cjs-module-lexer (1.2.2+dfsg-5) ...
#11 108.6 Setting up libhwy1:amd64 (1.0.3-3+deb12u1) ...
#11 108.6 Setting up libc-ares2:amd64 (1.18.1-3) ...
#11 108.6 Setting up libgomp1:amd64 (12.2.0-14+deb12u1) ...
#11 108.6 Setting up libunwind8:amd64 (1.6.2-3) ...
#11 108.6 Setting up libjbig0:amd64 (2.1-6.1) ...
#11 108.6 Setting up libcolord2:amd64 (1.4.6-2.2) ...
#11 108.6 Setting up poppler-data (0.4.12-1) ...
#11 108.6 Setting up libkrb5support0:amd64 (1.20.1-2+deb12u5) ...
#11 108.6 Setting up libsasl2-modules-db:amd64 (2.1.28+dfsg-10) ...
#11 108.6 Setting up libdconf1:amd64 (0.40.0-4) ...
#11 108.6 Setting up libasound2-data (1.2.8-1) ...
#11 108.6 Setting up libid3tag0:amd64 (0.15.1b-14) ...
#11 108.6 Setting up libfontenc1:amd64 (1:1.1.4-1) ...
#11 108.6 Setting up perl-modules-5.36 (5.36.0-7+deb12u4) ...
#11 108.7 Setting up libz3-4:amd64 (4.8.12-3.1) ...
#11 108.7 Setting up libblas3:amd64 (3.11.0-2) ...
#11 108.7 update-alternatives: using /usr/lib/x86_64-linux-gnu/blas/libblas.so.3 to provide /usr/lib/x86_64-linux-gnu/libblas.so.3 (libblas.so.3-x86_64-linux-gnu) in auto mode
#11 108.7 Setting up libuv1:amd64 (1.44.2-1+deb12u1) ...
#11 108.7 Setting up libjpeg62-turbo:amd64 (1:2.1.5-2) ...
#11 108.7 Setting up libx11-data (2:1.8.4-2+deb12u2) ...
#11 108.7 Setting up libepoxy0:amd64 (1.5.10-1) ...
#11 108.7 Setting up libnspr4:amd64 (2:4.35-1) ...
#11 108.7 Setting up libjbig2dec0:amd64 (0.19-3+deb12u1) ...
#11 108.7 Setting up librtmp1:amd64 (2.4+20151223.gitfa8646d.1-2+b2) ...
#11 108.7 Setting up libavahi-common-data:amd64 (0.8-10+deb12u1) ...
#11 108.7 Setting up libdbus-1-3:amd64 (1.14.10-1~deb12u1) ...
#11 108.7 Setting up xfonts-encodings (1:1.0.4-2.2) ...
#11 108.7 Setting up libfribidi0:amd64 (1.0.8-2.1) ...
#11 108.7 Setting up libquadmath0:amd64 (12.2.0-14+deb12u1) ...
#11 108.7 Setting up libimagequant0:amd64 (2.17.0-1) ...
#11 108.8 Setting up libproc2-0:amd64 (2:4.0.2-3) ...
#11 108.8 Setting up libpng16-16:amd64 (1.6.39-2+deb12u6) ...
#11 108.8 Setting up libidn12:amd64 (1.41-1) ...
#11 108.8 Setting up libtcl8.6:amd64 (8.6.13+dfsg-2) ...
#11 108.8 Setting up libsensors5:amd64 (1:3.6.0-7.1) ...
#11 108.8 Setting up libjxl0.7:amd64 (0.7.0-10+deb12u1) ...
#11 108.8 Setting up libncursesw6:amd64 (6.4-4) ...
#11 108.8 Setting up libk5crypto3:amd64 (1.20.1-2+deb12u5) ...
#11 108.8 Setting up libdav1d6:amd64 (1.0.0-2+deb12u1) ...
#11 108.8 Setting up libglapi-mesa:amd64 (22.3.6-1+deb12u2) ...
#11 108.8 Setting up libsasl2-2:amd64 (2.1.28+dfsg-10) ...
#11 108.8 Setting up libgfortran5:amd64 (12.2.0-14+deb12u1) ...
#11 108.8 Setting up libvulkan1:amd64 (1.3.239.0-1) ...
#11 108.8 Setting up libwebp7:amd64 (1.2.4-0.2+deb12u1) ...
#11 108.8 Setting up libgif7:amd64 (5.2.1-2.5+deb12u1) ...
#11 108.8 Setting up libnuma1:amd64 (2.0.16-1) ...
#11 108.8 Setting up ieee-data (20220827.1) ...
#11 108.9 Setting up sensible-utils (0.0.17+nmu1) ...
#11 108.9 Setting up libxshmfence1:amd64 (1.3-1) ...
#11 108.9 Setting up at-spi2-common (2.46.0-5) ...
#11 108.9 Setting up libtiff6:amd64 (4.5.0-6+deb12u4) ...
#11 108.9 Setting up dbus-session-bus-common (1.14.10-1~deb12u1) ...
#11 108.9 Setting up procps (2:4.0.2-3) ...
#11 109.1 Setting up libasound2:amd64 (1.2.8-1+b1) ...
#11 109.1 Setting up fonts-liberation (1:1.07.4-11) ...
#11 109.1 Setting up libopenjp2-7:amd64 (2.5.0-2+deb12u3) ...
#11 109.1 Setting up libthai-data (0.1.29-1) ...
#11 109.1 Setting up libssh2-1:amd64 (1.10.0-3+deb12u1) ...
#11 109.1 Setting up sgml-base (1.31) ...
#11 109.5 Setting up libatk1.0-0:amd64 (2.46.0-5) ...
#11 109.5 Setting up libkrb5-3:amd64 (1.20.1-2+deb12u5) ...
#11 109.5 Setting up libwayland-egl1:amd64 (1.21.0-1) ...
#11 109.5 Setting up dbus-system-bus-common (1.14.10-1~deb12u1) ...
#11 109.7 Setting up menu (2.1.49) ...
#11 109.8 Setting up node-xtend (4.0.2-3) ...
#11 109.8 Setting up libde265-0:amd64 (1.0.11-1+deb12u3) ...
#11 109.8 Setting up openssl (3.0.22-1~deb12u1) ...
#11 109.8 Setting up libwebpmux3:amd64 (1.2.4-0.2+deb12u1) ...
#11 109.8 Setting up libbsd0:amd64 (0.11.7-2) ...
#11 109.8 Setting up libdrm-common (2.4.114-1) ...
#11 109.8 Setting up libelf1:amd64 (0.188-2.1) ...
#11 109.8 Setting up readline-common (8.2-1.3) ...
#11 109.8 Setting up libxml2:amd64 (2.9.14+dfsg-1.3~deb12u6) ...
#11 109.8 Setting up xdg-utils (1.1.3-4.1) ...
#11 109.9 update-alternatives: using /usr/bin/xdg-open to provide /usr/bin/open (open) in auto mode
#11 109.9 update-alternatives: warning: skip creation of /usr/share/man/man1/open.1.gz because associated file /usr/share/man/man1/xdg-open.1.gz (of link group open) doesn't exist
#11 109.9 Setting up dbus-bin (1.14.10-1~deb12u1) ...
#11 109.9 Setting up libgdbm6:amd64 (1.23-3) ...
#11 109.9 Setting up libxkbcommon0:amd64 (1.5.0-1) ...
#11 109.9 Setting up node-busboy (1.6.0+~cs2.6.0-2) ...
#11 109.9 Setting up libwayland-client0:amd64 (1.21.0-1) ...
#11 109.9 Setting up libice6:amd64 (2:1.0.10-1) ...
#11 109.9 Setting up libxdmcp6:amd64 (1:1.1.2-3) ...
#11 109.9 Setting up tcl8.6 (8.6.13+dfsg-2) ...
#11 109.9 Setting up liblapack3:amd64 (3.11.0-2) ...
#11 109.9 update-alternatives: using /usr/lib/x86_64-linux-gnu/lapack/liblapack.so.3 to provide /usr/lib/x86_64-linux-gnu/liblapack.so.3 (liblapack.so.3-x86_64-linux-gnu) in auto mode
#11 110.0 Setting up libxcb1:amd64 (1.15-1) ...
#11 110.0 Setting up libxcb-xfixes0:amd64 (1.15-1) ...
#11 110.0 Setting up libxcb-render0:amd64 (1.15-1) ...
#11 110.0 Setting up fontconfig-config (2.14.1-4) ...
#11 111.5 Setting up libxcb-glx0:amd64 (1.15-1) ...
#11 111.5 Setting up libwebpdemux2:amd64 (1.2.4-0.2+deb12u1) ...
#11 111.5 Setting up libedit2:amd64 (3.1-20221030-2) ...
#11 111.5 Setting up libreadline8:amd64 (8.2-1.3) ...
#11 111.5 Setting up libxcb-shape0:amd64 (1.15-1) ...
#11 111.5 Setting up libavahi-common3:amd64 (0.8-10+deb12u1) ...
#11 111.5 Setting up libnss3:amd64 (2:3.87.1-1+deb12u4) ...
#11 111.5 Setting up libxcb-shm0:amd64 (1.15-1) ...
#11 111.5 Setting up dbus-daemon (1.14.10-1~deb12u1) ...
#11 111.6 Setting up libldap-2.5-0:amd64 (2.5.13+dfsg-5) ...
#11 111.6 Setting up libvncserver1:amd64 (0.9.14+dfsg-1+deb12u2) ...
#11 111.6 Setting up libxcb-present0:amd64 (1.15-1) ...
#11 111.6 Setting up libvncclient1:amd64 (0.9.14+dfsg-1+deb12u2) ...
#11 111.6 Setting up libthai0:amd64 (0.1.29-1) ...
#11 111.6 Setting up ca-certificates (20250419~deb12u1) ...
#11 116.8 Updating certificates in /etc/ssl/certs...
#11 125.0 150 added, 0 removed; done.
#11 125.1 Setting up libfreetype6:amd64 (2.12.1+dfsg-5+deb12u4) ...
#11 125.1 Setting up libxcb-sync1:amd64 (1.15-1) ...
#11 125.1 Setting up dbus (1.14.10-1~deb12u1) ...
#11 125.3 invoke-rc.d: could not determine current runlevel
#11 125.3 invoke-rc.d: policy-rc.d denied execution of start.
#11 125.3 Setting up shared-mime-info (2.2-1) ...
#11 126.1 Setting up libgssapi-krb5-2:amd64 (1.20.1-2+deb12u5) ...
#11 126.2 Setting up libgdbm-compat4:amd64 (1.23-3) ...
#11 126.2 Setting up ucf (3.0043+nmu1+deb12u1) ...
#11 126.4 Setting up libx265-199:amd64 (3.5-2+b1) ...
#11 126.4 Setting up libxcb-dri2-0:amd64 (1.15-1) ...
#11 126.4 Setting up node-undici (5.15.0+dfsg1+~cs20.10.9.3-1+deb12u4) ...
#11 126.5 Setting up libdrm2:amd64 (2.4.114-1+b1) ...
#11 126.5 Setting up libwayland-cursor0:amd64 (1.21.0-1) ...
#11 126.5 Setting up libxcb-randr0:amd64 (1.15-1) ...
#11 126.5 Setting up xml-core (0.18+nmu1) ...
#11 127.5 Setting up tcl (8.6.13) ...
#11 127.5 Setting up libllvm15:amd64 (1:15.0.6-4+b1) ...
#11 127.5 Setting up libpam-systemd:amd64 (252.39-1~deb12u2) ...
#11 127.9 Setting up libx11-6:amd64 (2:1.8.4-2+deb12u2) ...
#11 127.9 Setting up libharfbuzz0b:amd64 (6.0.0+dfsg-3) ...
#11 127.9 Setting up libgdk-pixbuf-2.0-0:amd64 (2.42.10+dfsg-1+deb12u4) ...
#11 128.0 Setting up libfontconfig1:amd64 (2.14.1-4) ...
#11 128.0 Setting up libxkbfile1:amd64 (1:1.1.0-1) ...
#11 128.0 Setting up libxcomposite1:amd64 (1:0.4.5-1) ...
#11 128.0 Setting up libsm6:amd64 (2:1.2.3-1) ...
#11 128.0 Setting up libxfont2:amd64 (1:2.0.6-1+deb12u1) ...
#11 128.0 Setting up libavahi-client3:amd64 (0.8-10+deb12u1) ...
#11 128.0 Setting up libperl5.36:amd64 (5.36.0-7+deb12u4) ...
#11 128.0 Setting up libxmuu1:amd64 (2:1.1.3-3) ...
#11 128.0 Setting up libnss3-tools (2:3.87.1-1+deb12u4) ...
#11 128.0 Setting up libdrm-amdgpu1:amd64 (2.4.114-1+b1) ...
#11 128.0 Setting up libtirpc3:amd64 (1.3.3+ds-1) ...
#11 128.1 Setting up libxcb-dri3-0:amd64 (1.15-1) ...
#11 128.1 Setting up libpaper1:amd64 (1.1.29) ...
#11 128.6 
#11 128.6 Creating config file /etc/papersize with new version
#11 128.8 Setting up gtk-update-icon-cache (3.24.38-2~deb12u3) ...
#11 128.8 Setting up libx11-xcb1:amd64 (2:1.8.4-2+deb12u2) ...
#11 128.8 Setting up fontconfig (2.14.1-4) ...
#11 128.8 Regenerating fonts cache... done.
#11 131.1 Setting up libdrm-nouveau2:amd64 (2.4.114-1+b1) ...
#11 131.1 Setting up libxdamage1:amd64 (1:1.1.6-1) ...
#11 131.1 Setting up libxpm4:amd64 (1:3.5.12-1.1+deb12u1) ...
#11 131.1 Setting up libxrender1:amd64 (1:0.9.10-1.1) ...
#11 131.2 Setting up libgbm1:amd64 (22.3.6-1+deb12u2) ...
#11 131.2 Setting up libdrm-radeon1:amd64 (2.4.114-1+b1) ...
#11 131.2 Setting up libpango-1.0-0:amd64 (1.50.12+ds-1) ...
#11 131.2 Setting up libdrm-intel1:amd64 (2.4.114-1+b1) ...
#11 131.2 Setting up libgl1-mesa-dri:amd64 (22.3.6-1+deb12u2) ...
#11 131.2 Setting up libheif1:amd64 (1.15.1-1+deb12u1) ...
#11 131.2 Setting up libxext6:amd64 (2:1.3.4-1+b1) ...
#11 131.2 Setting up libcurl3-gnutls:amd64 (7.88.1-10+deb12u15) ...
#11 131.2 Setting up xfonts-utils (1:7.7+6) ...
#11 131.3 Setting up libcairo2:amd64 (1.16.0-7) ...
#11 131.3 Setting up libxxf86vm1:amd64 (1:1.1.4-1+b2) ...
#11 131.3 Setting up dbus-user-session (1.14.10-1~deb12u1) ...
#11 131.3 Setting up perl (5.36.0-7+deb12u4) ...
#11 131.4 Setting up adwaita-icon-theme (43-1) ...
#11 131.5 update-alternatives: using /usr/share/icons/Adwaita/cursor.theme to provide /usr/share/icons/default/index.theme (x-cursor-theme) in auto mode
#11 131.5 Setting up libxfixes3:amd64 (1:6.0.0-2) ...
#11 131.5 Setting up libraqm0:amd64 (0.7.0-4.1) ...
#11 131.5 Setting up libxinerama1:amd64 (2:1.1.4-3) ...
#11 131.5 Setting up libxv1:amd64 (2:1.0.11-1.1) ...
#11 131.5 Setting up libxrandr2:amd64 (2:1.5.2-2+b1) ...
#11 131.5 Setting up libxt6:amd64 (1:1.2.1-1.1) ...
#11 131.5 Setting up libcups2:amd64 (2.4.2-3+deb12u9) ...
#11 131.5 Setting up xauth (1:1.1.2-1) ...
#11 131.5 Setting up libnsl2:amd64 (1.3.0-2) ...
#11 131.5 Setting up libcairo-gobject2:amd64 (1.16.0-7) ...
#11 131.5 Setting up libxss1:amd64 (1:1.2.3-1) ...
#11 131.5 Setting up libpangoft2-1.0-0:amd64 (1.50.12+ds-1) ...
#11 131.5 Setting up mailcap (3.70+nmu1) ...
#11 131.7 Setting up libpangocairo-1.0-0:amd64 (1.50.12+ds-1) ...
#11 131.7 Setting up libxft2:amd64 (2.3.6-1) ...
#11 131.7 Setting up libxmu6:amd64 (2:1.1.3-3) ...
#11 131.7 Setting up libglx-mesa0:amd64 (22.3.6-1+deb12u2) ...
#11 131.7 Setting up mime-support (3.66) ...
#11 131.7 Setting up libxi6:amd64 (2:1.8-1+b1) ...
#11 131.7 Setting up libglx0:amd64 (1.6.0-1) ...
#11 131.7 Setting up libxtst6:amd64 (2:1.2.3-1.1) ...
#11 131.7 Setting up libpython3.11-stdlib:amd64 (3.11.2-6+deb12u8) ...
#11 131.7 Setting up libtk8.6:amd64 (8.6.13-2) ...
#11 131.7 Setting up libxcursor1:amd64 (1:1.2.1-1) ...
#11 131.7 Setting up libxxf86dga1:amd64 (2:1.1.5-1) ...
#11 131.7 Setting up dconf-service (0.40.0-4) ...
#11 131.7 Setting up libxaw7:amd64 (2:1.0.14-1) ...
#11 131.7 Setting up libatspi2.0-0:amd64 (2.46.0-5) ...
#11 131.7 Setting up fonts-urw-base35 (20200910-7) ...
#11 132.9 Setting up librsvg2-2:amd64 (2.54.7+dfsg-1~deb12u1) ...
#11 132.9 Setting up libatk-bridge2.0-0:amd64 (2.46.0-5) ...
#11 132.9 Setting up libgl1:amd64 (1.6.0-1) ...
#11 132.9 Setting up x11-utils (7.7+5) ...
#11 133.0 Setting up libpython3-stdlib:amd64 (3.11.2-1+b1) ...
#11 133.0 Setting up tk8.6 (8.6.13-2) ...
#11 133.0 Setting up libgs10-common (10.0.0~dfsg-11+deb12u8) ...
#11 133.0 Setting up python3.11 (3.11.2-6+deb12u8) ...
#11 133.7 Setting up dconf-gsettings-backend:amd64 (0.40.0-4) ...
#11 133.7 Setting up x11-xkb-utils (7.7+7) ...
#11 133.7 Setting up python3 (3.11.2-1+b1) ...
#11 134.1 Setting up python3-tz (2022.7.1-4) ...
#11 134.5 Setting up python3-six (1.16.0-4) ...
#11 134.9 Setting up python3-pil:amd64 (9.4.0-1.1+deb12u1) ...
#11 135.5 Setting up python3-roman (3.3-3) ...
#11 135.9 Setting up python3-packaging (23.0-1) ...
#11 136.3 Setting up python3-iso8601 (1.0.2-1) ...
#11 136.8 Setting up python3-pyparsing (3.0.9-1) ...
#11 137.2 Setting up python3-certifi (2022.9.24-1) ...
#11 137.6 Setting up python3-idna (3.3-1+deb12u1) ...
#11 138.1 Setting up python3-wrapt (1.14.1-2+b2) ...
#11 138.5 Setting up python3-urllib3 (1.26.12-1+deb12u4) ...
#11 139.0 Setting up python3-netifaces:amd64 (0.11.0-2+b1) ...
#11 139.0 Setting up python3-netaddr (0.8.0-2) ...
#11 139.5 Setting up python3-dateutil (2.8.2-2) ...
#11 139.9 Setting up python3-msgpack (1.0.3-2+b1) ...
#11 140.3 Setting up xserver-common (2:21.1.7-3+deb12u13) ...
#11 140.3 Setting up tk (8.6.13) ...
#11 140.4 Setting up python3-lib2to3 (3.11.2-3) ...
#11 140.6 Setting up python3-deprecated (1.2.13-3) ...
#11 141.0 Setting up libgtk-3-common (3.24.38-2~deb12u3) ...
#11 141.0 Setting up python3-cffi-backend:amd64 (1.15.1-5+b1) ...
#11 141.0 Setting up libgs10:amd64 (10.0.0~dfsg-11+deb12u8) ...
#11 141.0 Setting up python3-pkg-resources (66.1.1-1+deb12u2) ...
#11 141.5 Setting up python3-distutils (3.11.2-3) ...
#11 141.8 Setting up python3-more-itertools (8.10.0-2) ...
#11 142.3 Setting up python3-setuptools (66.1.1-1+deb12u2) ...
#11 142.9 Setting up python3-pbr (5.10.0-2) ...
#11 143.4 Setting up python3-charset-normalizer (3.0.1-2) ...
#11 143.8 Setting up libgtk-3-0:amd64 (3.24.38-2~deb12u3) ...
#11 143.8 Setting up xvfb (2:21.1.7-3+deb12u13) ...
#11 143.8 Setting up python3-pyinotify (0.9.6-2) ...
#11 144.3 Setting up libspectre1:amd64 (0.2.12-1) ...
#11 144.3 Setting up python3-yaml (6.0-3+b2) ...
#11 144.7 Setting up python3-debtcollector (2.5.0-2) ...
#11 145.1 Setting up python3-zipp (1.0.0-6+deb12u1) ...
#11 145.6 Setting up x11vnc (0.9.16-9) ...
#11 145.6 Setting up python3-chardet (5.1.0+dfsg-2) ...
#11 146.1 Setting up python3-rfc3986 (1.5.0-2) ...
#11 146.6 Setting up python3-cryptography (38.0.4-3+deb12u1) ...
#11 147.0 Setting up python3-requests (2.28.1+dfsg-1) ...
#11 147.5 Setting up libimlib2:amd64 (1.10.0-4+deb12u1) ...
#11 147.5 Setting up python3-oslo.context (5.0.0-2) ...
#11 147.9 Setting up python3-jwcrypto (1.1.0-1+deb12u1) ...
#11 148.4 Setting up python3-numpy (1:1.24.2-1+deb12u1) ...
#11 149.7 Setting up python3-websockify (0.10.0+dfsg1-4+b1) ...
#11 150.2 Setting up python3-stevedore (4.0.2-2) ...
#11 150.6 Setting up python3-oslo.i18n (5.1.0-3) ...
#11 151.0 Setting up microsoft-edge-stable (154.0.4258.62-1) ...
#11 152.4 update-alternatives: using /usr/bin/microsoft-edge-stable to provide /usr/bin/x-www-browser (x-www-browser) in auto mode
#11 152.7 update-alternatives: using /usr/bin/microsoft-edge-stable to provide /usr/bin/gnome-www-browser (gnome-www-browser) in auto mode
#11 152.7 update-alternatives: using /usr/bin/microsoft-edge-stable to provide /usr/bin/microsoft-edge (microsoft-edge) in auto mode
#11 153.0 Setting up google-chrome-stable (154.0.8037.97-1) ...
#11 154.4 update-alternatives: using /usr/bin/google-chrome-stable to provide /usr/bin/google-chrome (google-chrome) in auto mode
#11 154.7 Setting up python3-importlib-metadata (4.12.0-1) ...
#11 155.2 Setting up websockify (0.10.0+dfsg1-4+b1) ...
#11 155.2 Setting up python3-oslo.utils (6.0.1-2) ...
#11 155.6 Setting up python3-oslo.serialization (5.0.0-2) ...
#11 156.1 Setting up node-acorn (8.8.1+ds+~cs25.17.7-2) ...
#11 156.1 Setting up libnode108:amd64 (18.20.4+dfsg-1~deb12u3) ...
#11 156.1 Setting up nodejs (18.20.4+dfsg-1~deb12u3) ...
#11 156.1 update-alternatives: using /usr/bin/nodejs to provide /usr/bin/js (js) in auto mode
#11 156.1 update-alternatives: warning: skip creation of /usr/share/man/man1/js.1.gz because associated file /usr/share/man/man1/nodejs.1.gz (of link group js) doesn't exist
#11 156.1 Processing triggers for libc-bin (2.36-9+deb12u13) ...
#11 156.2 Processing triggers for systemd (252.39-1~deb12u2) ...
#11 156.2 Processing triggers for menu (2.1.49) ...
#11 156.3 Setting up fluxbox (1.3.5-2.1) ...
#11 156.3 update-alternatives: using /usr/bin/startfluxbox to provide /usr/bin/x-window-manager (x-window-manager) in auto mode
#11 156.3 update-alternatives: warning: skip creation of /usr/share/man/man1/x-window-manager.1.gz because associated file /usr/share/man/man1/fluxbox.1.gz (of link group x-window-manager) doesn't exist
#11 156.4 Processing triggers for sgml-base (1.31) ...
#11 156.5 Setting up docutils-common (0.19+dfsg-6) ...
#11 157.0 Processing triggers for sgml-base (1.31) ...
#11 157.0 Setting up python3-docutils (0.19+dfsg-6) ...
#11 157.6 Setting up python3-oslo.config (1:9.0.0-3) ...
#11 158.1 Setting up python3-oslo.log (5.0.1-1) ...
#11 158.6 Setting up python3-novnc (1:1.3.0-1) ...
#11 159.0 Setting up novnc (1:1.3.0-1) ...
#11 159.3 Processing triggers for ca-certificates (20250419~deb12u1) ...
#11 159.4 Updating certificates in /etc/ssl/certs...
#11 165.9 0 added, 0 removed; done.
#11 165.9 Running hooks in /etc/ca-certificates/update.d...
#11 166.0 done.
#11 166.0 Processing triggers for menu (2.1.49) ...
#11 DONE 166.9s

#13 [stage-1 5/7] COPY --from=dependencies /work/node_modules /work/node_modules
#13 DONE 1.5s

#14 [stage-1 6/7] COPY . .
#14 DONE 0.0s

#15 [stage-1 7/7] RUN chown 1000:1000 /work
#15 DONE 0.1s

#16 exporting to image
#16 exporting layers
#16 exporting layers 3.6s done
#16 writing image sha256:e59746a607337035dc5ab36f7895ccaf18531a79ee73a2a8056f2e2a3cce7df0 done
#16 naming to docker.io/library/certificate-login-runner:01 done
#16 DONE 3.7s

#17 resolving provenance for metadata file
#17 DONE 0.0s
 Image certificate-login-runner:01 Built 
